state,state_fips,fa_homicide_rate_2024,fa_homicide_count_2024,fa_homicide_rate_2020_2024_pooled,fa_homicide_count_2020_2024,fa_homicide_suppressed_years,fa_deaths_rate_2024,fa_deaths_count_2024,fa_deaths_rate_2020_2024_pooled,fa_deaths_count_2020_2024,fa_deaths_suppressed_years,giffords_grade,giffords_law_strength_rank,everytown_law_rank,everytown_gun_death_rank,poverty_rate_saipe_2024,poverty_rate_saipe_2020_2024_mean,median_hh_income_saipe_2024,median_hh_income_acs2024_5yr,gini_acs2024_5yr,source_firearm,source_law_rankings,source_poverty_income_gini,access_date
Alabama,01,11.0,562,11.93,3033,,23.7,1212,24.53,6238,,F,36,28,4,15.2,15.66,66704,63999.0,0.4791,"https://data.cdc.gov/resource/fpsi-y8tj.csv (CDC NCIPC Mapping Injury, Overdose, and Violence - State) | denominators for pooled rates: https://www2.census.gov/programs-surveys/popest/datasets/2020-2024/state/totals/NST-EST2024-ALLDATA.csv",https://giffords.org/lawcenter/resources/scorecard/ | https://everytownresearch.org/rankings/,"https://www2.census.gov/programs-surveys/saipe/datasets/2024/2024-state-and-county/est24all.txt (+ est20-est23 for the 2020-2024 mean) | ACS 2024 5-year table-based SF, tables B19013 and B19083, https://www2.census.gov/programs-surveys/acs/summary_file/2024/table-based-SF/",2026-09-24
Alaska,02,4.5,33,4.87,179,,24.8,182,23.9,879,,F,39,39,3,10.3,10.4,96336,92788.0,0.4326,"https://data.cdc.gov/resource/fpsi-y8tj.csv (CDC NCIPC Mapping Injury, Overdose, and Violence - State) | denominators for pooled rates: https://www2.census.gov/programs-surveys/popest/datasets/2020-2024/state/totals/NST-EST2024-ALLDATA.csv",https://giffords.org/lawcenter/resources/scorecard/ | https://everytownresearch.org/rankings/,"https://www2.census.gov/programs-surveys/saipe/datasets/2024/2024-state-and-county/est24all.txt (+ est20-est23 for the 2020-2024 mean) | ACS 2024 5-year table-based SF, tables B19013 and B19083, https://www2.census.gov/programs-surveys/acs/summary_file/2024/table-based-SF/",2026-09-24
Arizona,04,4.4,329,5.53,2041,,17.9,1331,18.74,6915,,F,41,41,18,11.9,12.54,81404,79964.0,0.4637,"https://data.cdc.gov/resource/fpsi-y8tj.csv (CDC NCIPC Mapping Injury, Overdose, and Violence - State) | denominators for pooled rates: https://www2.census.gov/programs-surveys/popest/datasets/2020-2024/state/totals/NST-EST2024-ALLDATA.csv",https://giffords.org/lawcenter/resources/scorecard/ | https://everytownresearch.org/rankings/,"https://www2.census.gov/programs-surveys/saipe/datasets/2024/2024-state-and-county/est24all.txt (+ est20-est23 for the 2020-2024 mean) | ACS 2024 5-year table-based SF, tables B19013 and B19083, https://www2.census.gov/programs-surveys/acs/summary_file/2024/table-based-SF/",2026-09-24
Arkansas,05,6.9,211,8.72,1329,,20.8,638,21.95,3346,,F,49,47,7,15.3,15.64,62146,60773.0,0.4794,"https://data.cdc.gov/resource/fpsi-y8tj.csv (CDC NCIPC Mapping Injury, Overdose, and Violence - State) | denominators for pooled rates: https://www2.census.gov/programs-surveys/popest/datasets/2020-2024/state/totals/NST-EST2024-ALLDATA.csv",https://giffords.org/lawcenter/resources/scorecard/ | https://everytownresearch.org/rankings/,"https://www2.census.gov/programs-surveys/saipe/datasets/2024/2024-state-and-county/est24all.txt (+ est20-est23 for the 2020-2024 mean) | ACS 2024 5-year table-based SF, tables B19013 and B19083, https://www2.census.gov/programs-surveys/acs/summary_file/2024/table-based-SF/",2026-09-24
California,06,3.1,1204,4.02,7900,,7.3,2853,8.44,16571,,A,1,1,44,11.8,11.96,100130,99122.0,0.4889,"https://data.cdc.gov/resource/fpsi-y8tj.csv (CDC NCIPC Mapping Injury, Overdose, and Violence - State) | denominators for pooled rates: https://www2.census.gov/programs-surveys/popest/datasets/2020-2024/state/totals/NST-EST2024-ALLDATA.csv",https://giffords.org/lawcenter/resources/scorecard/ | https://everytownresearch.org/rankings/,"https://www2.census.gov/programs-surveys/saipe/datasets/2024/2024-state-and-county/est24all.txt (+ est20-est23 for the 2020-2024 mean) | ACS 2024 5-year table-based SF, tables B19013 and B19083, https://www2.census.gov/programs-surveys/acs/summary_file/2024/table-based-SF/",2026-09-24
Colorado,08,3.6,209,4.38,1285,,16.4,961,17.07,5002,,A-,10,11,21,9.6,9.44,96871,95470.0,0.4585,"https://data.cdc.gov/resource/fpsi-y8tj.csv (CDC NCIPC Mapping Injury, Overdose, and Violence - State) | denominators for pooled rates: https://www2.census.gov/programs-surveys/popest/datasets/2020-2024/state/totals/NST-EST2024-ALLDATA.csv",https://giffords.org/lawcenter/resources/scorecard/ | https://everytownresearch.org/rankings/,"https://www2.census.gov/programs-surveys/saipe/datasets/2024/2024-state-and-county/est24all.txt (+ est20-est23 for the 2020-2024 mean) | ACS 2024 5-year table-based SF, tables B19013 and B19083, https://www2.census.gov/programs-surveys/acs/summary_file/2024/table-based-SF/",2026-09-24
Connecticut,09,1.9,69,2.78,504,,6.2,224,6.45,1168,,A,3,5,45,10.1,9.98,95670,95781.0,0.499,"https://data.cdc.gov/resource/fpsi-y8tj.csv (CDC NCIPC Mapping Injury, Overdose, and Violence - State) | denominators for pooled rates: https://www2.census.gov/programs-surveys/popest/datasets/2020-2024/state/totals/NST-EST2024-ALLDATA.csv",https://giffords.org/lawcenter/resources/scorecard/ | https://everytownresearch.org/rankings/,"https://www2.census.gov/programs-surveys/saipe/datasets/2024/2024-state-and-county/est24all.txt (+ est20-est23 for the 2020-2024 mean) | ACS 2024 5-year table-based SF, tables B19013 and B19083, https://www2.census.gov/programs-surveys/acs/summary_file/2024/table-based-SF/",2026-09-24
Delaware,10,4.8,50,5.82,297,,11.9,123,13.0,664,,A-,13,10,36,10.1,10.66,87510,84954.0,0.4494,"https://data.cdc.gov/resource/fpsi-y8tj.csv (CDC NCIPC Mapping Injury, Overdose, and Violence - State) | denominators for pooled rates: https://www2.census.gov/programs-surveys/popest/datasets/2020-2024/state/totals/NST-EST2024-ALLDATA.csv",https://giffords.org/lawcenter/resources/scorecard/ | https://everytownresearch.org/rankings/,"https://www2.census.gov/programs-surveys/saipe/datasets/2024/2024-state-and-county/est24all.txt (+ est20-est23 for the 2020-2024 mean) | ACS 2024 5-year table-based SF, tables B19013 and B19083, https://www2.census.gov/programs-surveys/acs/summary_file/2024/table-based-SF/",2026-09-24
District of Columbia,11,19.7,134,23.84,812,,21.8,148,25.8,879,,,,,,16.4,15.52,109289,109870.0,0.5169,"https://data.cdc.gov/resource/fpsi-y8tj.csv (CDC NCIPC Mapping Injury, Overdose, and Violence - State) | denominators for pooled rates: https://www2.census.gov/programs-surveys/popest/datasets/2020-2024/state/totals/NST-EST2024-ALLDATA.csv",https://giffords.org/lawcenter/resources/scorecard/ | https://everytownresearch.org/rankings/,"https://www2.census.gov/programs-surveys/saipe/datasets/2024/2024-state-and-county/est24all.txt (+ est20-est23 for the 2020-2024 mean) | ACS 2024 5-year table-based SF, tables B19013 and B19083, https://www2.census.gov/programs-surveys/acs/summary_file/2024/table-based-SF/",2026-09-24
Florida,12,3.9,889,4.91,5500,,14.1,3191,14.15,15859,,C-,24,23,29,12.1,12.56,77687,74568.0,0.4851,"https://data.cdc.gov/resource/fpsi-y8tj.csv (CDC NCIPC Mapping Injury, Overdose, and Violence - State) | denominators for pooled rates: https://www2.census.gov/programs-surveys/popest/datasets/2020-2024/state/totals/NST-EST2024-ALLDATA.csv",https://giffords.org/lawcenter/resources/scorecard/ | https://everytownresearch.org/rankings/,"https://www2.census.gov/programs-surveys/saipe/datasets/2024/2024-state-and-county/est24all.txt (+ est20-est23 for the 2020-2024 mean) | ACS 2024 5-year table-based SF, tables B19013 and B19083, https://www2.census.gov/programs-surveys/acs/summary_file/2024/table-based-SF/",2026-09-24
Georgia,13,7.4,815,8.52,4660,,18.0,1985,18.86,10315,,F,40,44,14,12.8,13.52,79912,77353.0,0.4771,"https://data.cdc.gov/resource/fpsi-y8tj.csv (CDC NCIPC Mapping Injury, Overdose, and Violence - State) | denominators for pooled rates: https://www2.census.gov/programs-surveys/popest/datasets/2020-2024/state/totals/NST-EST2024-ALLDATA.csv",https://giffords.org/lawcenter/resources/scorecard/ | https://everytownresearch.org/rankings/,"https://www2.census.gov/programs-surveys/saipe/datasets/2024/2024-state-and-county/est24all.txt (+ est20-est23 for the 2020-2024 mean) | ACS 2024 5-year table-based SF, tables B19013 and B19083, https://www2.census.gov/programs-surveys/acs/summary_file/2024/table-based-SF/",2026-09-24
Hawaii,15,1.4,20,1.34,97,,3.9,56,4.37,316,,A,7,6,50,10.0,10.0,101581,100389.0,0.4507,"https://data.cdc.gov/resource/fpsi-y8tj.csv (CDC NCIPC Mapping Injury, Overdose, and Violence - State) | denominators for pooled rates: https://www2.census.gov/programs-surveys/popest/datasets/2020-2024/state/totals/NST-EST2024-ALLDATA.csv",https://giffords.org/lawcenter/resources/scorecard/ | https://everytownresearch.org/rankings/,"https://www2.census.gov/programs-surveys/saipe/datasets/2024/2024-state-and-county/est24all.txt (+ est20-est23 for the 2020-2024 mean) | ACS 2024 5-year table-based SF, tables B19013 and B19083, https://www2.census.gov/programs-surveys/acs/summary_file/2024/table-based-SF/",2026-09-24
Idaho,16,1.3,26,1.56,151,,16.8,331,17.11,1655,,F,46,50,20,10.4,10.38,80852,77800.0,0.4443,"https://data.cdc.gov/resource/fpsi-y8tj.csv (CDC NCIPC Mapping Injury, Overdose, and Violence - State) | denominators for pooled rates: https://www2.census.gov/programs-surveys/popest/datasets/2020-2024/state/totals/NST-EST2024-ALLDATA.csv",https://giffords.org/lawcenter/resources/scorecard/ | https://everytownresearch.org/rankings/,"https://www2.census.gov/programs-surveys/saipe/datasets/2024/2024-state-and-county/est24all.txt (+ est20-est23 for the 2020-2024 mean) | ACS 2024 5-year table-based SF, tables B19013 and B19083, https://www2.census.gov/programs-surveys/acs/summary_file/2024/table-based-SF/",2026-09-24
Illinois,17,6.9,872,8.48,5384,,12.5,1563,13.85,8792,,A,6,2,30,11.5,11.62,83327,83390.0,0.4814,"https://data.cdc.gov/resource/fpsi-y8tj.csv (CDC NCIPC Mapping Injury, Overdose, and Violence - State) | denominators for pooled rates: https://www2.census.gov/programs-surveys/popest/datasets/2020-2024/state/totals/NST-EST2024-ALLDATA.csv",https://giffords.org/lawcenter/resources/scorecard/ | https://everytownresearch.org/rankings/,"https://www2.census.gov/programs-surveys/saipe/datasets/2024/2024-state-and-county/est24all.txt (+ est20-est23 for the 2020-2024 mean) | ACS 2024 5-year table-based SF, tables B19013 and B19083, https://www2.census.gov/programs-surveys/acs/summary_file/2024/table-based-SF/",2026-09-24
Indiana,18,5.5,380,6.71,2297,,17.4,1196,17.73,6075,,D-,26,26,17,12.1,12.1,71958,71957.0,0.4523,"https://data.cdc.gov/resource/fpsi-y8tj.csv (CDC NCIPC Mapping Injury, Overdose, and Violence - State) | denominators for pooled rates: https://www2.census.gov/programs-surveys/popest/datasets/2020-2024/state/totals/NST-EST2024-ALLDATA.csv",https://giffords.org/lawcenter/resources/scorecard/ | https://everytownresearch.org/rankings/,"https://www2.census.gov/programs-surveys/saipe/datasets/2024/2024-state-and-county/est24all.txt (+ est20-est23 for the 2020-2024 mean) | ACS 2024 5-year table-based SF, tables B19013 and B19083, https://www2.census.gov/programs-surveys/acs/summary_file/2024/table-based-SF/",2026-09-24
Iowa,19,2.1,67,2.19,352,,12.1,389,11.29,1812,,F,35,31,37,11.2,10.9,75623,75059.0,0.4439,"https://data.cdc.gov/resource/fpsi-y8tj.csv (CDC NCIPC Mapping Injury, Overdose, and Violence - State) | denominators for pooled rates: https://www2.census.gov/programs-surveys/popest/datasets/2020-2024/state/totals/NST-EST2024-ALLDATA.csv",https://giffords.org/lawcenter/resources/scorecard/ | https://everytownresearch.org/rankings/,"https://www2.census.gov/programs-surveys/saipe/datasets/2024/2024-state-and-county/est24all.txt (+ est20-est23 for the 2020-2024 mean) | ACS 2024 5-year table-based SF, tables B19013 and B19083, https://www2.census.gov/programs-surveys/acs/summary_file/2024/table-based-SF/",2026-09-24
Kansas,20,4.2,123,4.71,694,,15.2,446,16.35,2410,,F,42,38,23,10.9,11.24,75402,74275.0,0.4571,"https://data.cdc.gov/resource/fpsi-y8tj.csv (CDC NCIPC Mapping Injury, Overdose, and Violence - State) | denominators for pooled rates: https://www2.census.gov/programs-surveys/popest/datasets/2020-2024/state/totals/NST-EST2024-ALLDATA.csv",https://giffords.org/lawcenter/resources/scorecard/ | https://everytownresearch.org/rankings/,"https://www2.census.gov/programs-surveys/saipe/datasets/2024/2024-state-and-county/est24all.txt (+ est20-est23 for the 2020-2024 mean) | ACS 2024 5-year table-based SF, tables B19013 and B19083, https://www2.census.gov/programs-surveys/acs/summary_file/2024/table-based-SF/",2026-09-24
Kentucky,21,5.9,265,6.67,1513,,19.2,870,19.41,4400,,F,48,37,13,15.4,15.8,64481,63726.0,0.477,"https://data.cdc.gov/resource/fpsi-y8tj.csv (CDC NCIPC Mapping Injury, Overdose, and Violence - State) | denominators for pooled rates: https://www2.census.gov/programs-surveys/popest/datasets/2020-2024/state/totals/NST-EST2024-ALLDATA.csv",https://giffords.org/lawcenter/resources/scorecard/ | https://everytownresearch.org/rankings/,"https://www2.census.gov/programs-surveys/saipe/datasets/2024/2024-state-and-county/est24all.txt (+ est20-est23 for the 2020-2024 mean) | ACS 2024 5-year table-based SF, tables B19013 and B19083, https://www2.census.gov/programs-surveys/acs/summary_file/2024/table-based-SF/",2026-09-24
Louisiana,22,12.3,562,15.57,3591,,22.5,1031,26.26,6055,,F,36,34,6,18.6,18.68,61038,60756.0,0.4952,"https://data.cdc.gov/resource/fpsi-y8tj.csv (CDC NCIPC Mapping Injury, Overdose, and Violence - State) | denominators for pooled rates: https://www2.census.gov/programs-surveys/popest/datasets/2020-2024/state/totals/NST-EST2024-ALLDATA.csv",https://giffords.org/lawcenter/resources/scorecard/ | https://everytownresearch.org/rankings/,"https://www2.census.gov/programs-surveys/saipe/datasets/2024/2024-state-and-county/est24all.txt (+ est20-est23 for the 2020-2024 mean) | ACS 2024 5-year table-based SF, tables B19013 and B19083, https://www2.census.gov/programs-surveys/acs/summary_file/2024/table-based-SF/",2026-09-24
Maine,23,1.1,16,1.41,98,,13.0,181,12.84,891,,C+,21,21,35,10.6,10.76,76372,74733.0,0.456,"https://data.cdc.gov/resource/fpsi-y8tj.csv (CDC NCIPC Mapping Injury, Overdose, and Violence - State) | denominators for pooled rates: https://www2.census.gov/programs-surveys/popest/datasets/2020-2024/state/totals/NST-EST2024-ALLDATA.csv",https://giffords.org/lawcenter/resources/scorecard/ | https://everytownresearch.org/rankings/,"https://www2.census.gov/programs-surveys/saipe/datasets/2024/2024-state-and-county/est24all.txt (+ est20-est23 for the 2020-2024 mean) | ACS 2024 5-year table-based SF, tables B19013 and B19083, https://www2.census.gov/programs-surveys/acs/summary_file/2024/table-based-SF/",2026-09-24
Maryland,24,6.5,404,8.13,2522,,11.6,716,12.84,3984,,A-,8,8,38,9.2,9.6,102835,103678.0,0.4563,"https://data.cdc.gov/resource/fpsi-y8tj.csv (CDC NCIPC Mapping Injury, Overdose, and Violence - State) | denominators for pooled rates: https://www2.census.gov/programs-surveys/popest/datasets/2020-2024/state/totals/NST-EST2024-ALLDATA.csv",https://giffords.org/lawcenter/resources/scorecard/ | https://everytownresearch.org/rankings/,"https://www2.census.gov/programs-surveys/saipe/datasets/2024/2024-state-and-county/est24all.txt (+ est20-est23 for the 2020-2024 mean) | ACS 2024 5-year table-based SF, tables B19013 and B19083, https://www2.census.gov/programs-surveys/acs/summary_file/2024/table-based-SF/",2026-09-24
Massachusetts,25,1.4,96,1.57,552,,4.1,287,3.79,1335,,A,5,3,49,9.8,10.1,104569,103960.0,0.4886,"https://data.cdc.gov/resource/fpsi-y8tj.csv (CDC NCIPC Mapping Injury, Overdose, and Violence - State) | denominators for pooled rates: https://www2.census.gov/programs-surveys/popest/datasets/2020-2024/state/totals/NST-EST2024-ALLDATA.csv",https://giffords.org/lawcenter/resources/scorecard/ | https://everytownresearch.org/rankings/,"https://www2.census.gov/programs-surveys/saipe/datasets/2024/2024-state-and-county/est24all.txt (+ est20-est23 for the 2020-2024 mean) | ACS 2024 5-year table-based SF, tables B19013 and B19083, https://www2.census.gov/programs-surveys/acs/summary_file/2024/table-based-SF/",2026-09-24
Michigan,26,4.0,405,5.83,2936,,12.2,1228,14.12,7114,,B-,17,20,34,13.4,13.16,72336,72875.0,0.4653,"https://data.cdc.gov/resource/fpsi-y8tj.csv (CDC NCIPC Mapping Injury, Overdose, and Violence - State) | denominators for pooled rates: https://www2.census.gov/programs-surveys/popest/datasets/2020-2024/state/totals/NST-EST2024-ALLDATA.csv",https://giffords.org/lawcenter/resources/scorecard/ | https://everytownresearch.org/rankings/,"https://www2.census.gov/programs-surveys/saipe/datasets/2024/2024-state-and-county/est24all.txt (+ est20-est23 for the 2020-2024 mean) | ACS 2024 5-year table-based SF, tables B19013 and B19083, https://www2.census.gov/programs-surveys/acs/summary_file/2024/table-based-SF/",2026-09-24
Minnesota,27,2.5,142,2.49,715,,10.1,582,9.6,2754,,B,15,14,43,9.3,9.14,87120,89062.0,0.4525,"https://data.cdc.gov/resource/fpsi-y8tj.csv (CDC NCIPC Mapping Injury, Overdose, and Violence - State) | denominators for pooled rates: https://www2.census.gov/programs-surveys/popest/datasets/2020-2024/state/totals/NST-EST2024-ALLDATA.csv",https://giffords.org/lawcenter/resources/scorecard/ | https://everytownresearch.org/rankings/,"https://www2.census.gov/programs-surveys/saipe/datasets/2024/2024-state-and-county/est24all.txt (+ est20-est23 for the 2020-2024 mean) | ACS 2024 5-year table-based SF, tables B19013 and B19083, https://www2.census.gov/programs-surveys/acs/summary_file/2024/table-based-SF/",2026-09-24
Mississippi,28,16.0,469,17.34,2555,,27.6,810,29.06,4282,,F,43,49,1,17.8,18.64,59301,56447.0,0.4825,"https://data.cdc.gov/resource/fpsi-y8tj.csv (CDC NCIPC Mapping Injury, Overdose, and Violence - State) | denominators for pooled rates: https://www2.census.gov/programs-surveys/popest/datasets/2020-2024/state/totals/NST-EST2024-ALLDATA.csv",https://giffords.org/lawcenter/resources/scorecard/ | https://everytownresearch.org/rankings/,"https://www2.census.gov/programs-surveys/saipe/datasets/2024/2024-state-and-county/est24all.txt (+ est20-est23 for the 2020-2024 mean) | ACS 2024 5-year table-based SF, tables B19013 and B19083, https://www2.census.gov/programs-surveys/acs/summary_file/2024/table-based-SF/",2026-09-24
Missouri,29,7.4,460,9.39,2907,,19.9,1234,22.25,6887,,F,46,40,10,12.2,12.44,71583,70702.0,0.4653,"https://data.cdc.gov/resource/fpsi-y8tj.csv (CDC NCIPC Mapping Injury, Overdose, and Violence - State) | denominators for pooled rates: https://www2.census.gov/programs-surveys/popest/datasets/2020-2024/state/totals/NST-EST2024-ALLDATA.csv",https://giffords.org/lawcenter/resources/scorecard/ | https://everytownresearch.org/rankings/,"https://www2.census.gov/programs-surveys/saipe/datasets/2024/2024-state-and-county/est24all.txt (+ est20-est23 for the 2020-2024 mean) | ACS 2024 5-year table-based SF, tables B19013 and B19083, https://www2.census.gov/programs-surveys/acs/summary_file/2024/table-based-SF/",2026-09-24
Montana,30,2.2,25,2.81,157,,21.8,247,23.03,1286,,F,45,45,8,10.4,11.68,75520,72509.0,0.4648,"https://data.cdc.gov/resource/fpsi-y8tj.csv (CDC NCIPC Mapping Injury, Overdose, and Violence - State) | denominators for pooled rates: https://www2.census.gov/programs-surveys/popest/datasets/2020-2024/state/totals/NST-EST2024-ALLDATA.csv",https://giffords.org/lawcenter/resources/scorecard/ | https://everytownresearch.org/rankings/,"https://www2.census.gov/programs-surveys/saipe/datasets/2024/2024-state-and-county/est24all.txt (+ est20-est23 for the 2020-2024 mean) | ACS 2024 5-year table-based SF, tables B19013 and B19083, https://www2.census.gov/programs-surveys/acs/summary_file/2024/table-based-SF/",2026-09-24
Nebraska,31,2.2,43,2.22,220,,11.0,218,10.84,1072,,C-,23,25,40,10.6,10.32,76578,76475.0,0.4561,"https://data.cdc.gov/resource/fpsi-y8tj.csv (CDC NCIPC Mapping Injury, Overdose, and Violence - State) | denominators for pooled rates: https://www2.census.gov/programs-surveys/popest/datasets/2020-2024/state/totals/NST-EST2024-ALLDATA.csv",https://giffords.org/lawcenter/resources/scorecard/ | https://everytownresearch.org/rankings/,"https://www2.census.gov/programs-surveys/saipe/datasets/2024/2024-state-and-county/est24all.txt (+ est20-est23 for the 2020-2024 mean) | ACS 2024 5-year table-based SF, tables B19013 and B19083, https://www2.census.gov/programs-surveys/acs/summary_file/2024/table-based-SF/",2026-09-24
Nevada,32,5.3,170,5.54,882,,18.2,582,18.82,2996,,B-,19,19,16,11.8,12.62,81129,78260.0,0.4672,"https://data.cdc.gov/resource/fpsi-y8tj.csv (CDC NCIPC Mapping Injury, Overdose, and Violence - State) | denominators for pooled rates: https://www2.census.gov/programs-surveys/popest/datasets/2020-2024/state/totals/NST-EST2024-ALLDATA.csv",https://giffords.org/lawcenter/resources/scorecard/ | https://everytownresearch.org/rankings/,"https://www2.census.gov/programs-surveys/saipe/datasets/2024/2024-state-and-county/est24all.txt (+ est20-est23 for the 2020-2024 mean) | ACS 2024 5-year table-based SF, tables B19013 and B19083, https://www2.census.gov/programs-surveys/acs/summary_file/2024/table-based-SF/",2026-09-24
New Hampshire,33,0.8,11,,43,2020;2021,10.8,152,10.07,702,,F,34,43,42,7.3,7.28,100364,99031.0,0.444,"https://data.cdc.gov/resource/fpsi-y8tj.csv (CDC NCIPC Mapping Injury, Overdose, and Violence - State) | denominators for pooled rates: https://www2.census.gov/programs-surveys/popest/datasets/2020-2024/state/totals/NST-EST2024-ALLDATA.csv",https://giffords.org/lawcenter/resources/scorecard/ | https://everytownresearch.org/rankings/,"https://www2.census.gov/programs-surveys/saipe/datasets/2024/2024-state-and-county/est24all.txt (+ est20-est23 for the 2020-2024 mean) | ACS 2024 5-year table-based SF, tables B19013 and B19083, https://www2.census.gov/programs-surveys/acs/summary_file/2024/table-based-SF/",2026-09-24
New Jersey,34,1.8,164,2.42,1131,,4.2,393,4.73,2209,,A,2,7,48,9.2,9.64,104202,103556.0,0.4784,"https://data.cdc.gov/resource/fpsi-y8tj.csv (CDC NCIPC Mapping Injury, Overdose, and Violence - State) | denominators for pooled rates: https://www2.census.gov/programs-surveys/popest/datasets/2020-2024/state/totals/NST-EST2024-ALLDATA.csv",https://giffords.org/lawcenter/resources/scorecard/ | https://everytownresearch.org/rankings/,"https://www2.census.gov/programs-surveys/saipe/datasets/2024/2024-state-and-county/est24all.txt (+ est20-est23 for the 2020-2024 mean) | ACS 2024 5-year table-based SF, tables B19013 and B19083, https://www2.census.gov/programs-surveys/acs/summary_file/2024/table-based-SF/",2026-09-24
New Mexico,35,9.7,206,9.63,1021,,26.6,563,25.67,2721,,B-,20,16,2,15.8,16.9,67838,64059.0,0.4772,"https://data.cdc.gov/resource/fpsi-y8tj.csv (CDC NCIPC Mapping Injury, Overdose, and Violence - State) | denominators for pooled rates: https://www2.census.gov/programs-surveys/popest/datasets/2020-2024/state/totals/NST-EST2024-ALLDATA.csv",https://giffords.org/lawcenter/resources/scorecard/ | https://everytownresearch.org/rankings/,"https://www2.census.gov/programs-surveys/saipe/datasets/2024/2024-state-and-county/est24all.txt (+ est20-est23 for the 2020-2024 mean) | ACS 2024 5-year table-based SF, tables B19013 and B19083, https://www2.census.gov/programs-surveys/acs/summary_file/2024/table-based-SF/",2026-09-24
New York,36,1.8,362,2.51,2494,,4.6,896,5.05,5013,,A,4,4,47,14.0,13.8,85768,85974.0,0.5167,"https://data.cdc.gov/resource/fpsi-y8tj.csv (CDC NCIPC Mapping Injury, Overdose, and Violence - State) | denominators for pooled rates: https://www2.census.gov/programs-surveys/popest/datasets/2020-2024/state/totals/NST-EST2024-ALLDATA.csv",https://giffords.org/lawcenter/resources/scorecard/ | https://everytownresearch.org/rankings/,"https://www2.census.gov/programs-surveys/saipe/datasets/2024/2024-state-and-county/est24all.txt (+ est20-est23 for the 2020-2024 mean) | ACS 2024 5-year table-based SF, tables B19013 and B19083, https://www2.census.gov/programs-surveys/acs/summary_file/2024/table-based-SF/",2026-09-24
North Carolina,37,6.3,688,7.06,3790,,16.9,1835,16.79,9007,,C-,25,24,19,12.6,12.92,74055,72388.0,0.4774,"https://data.cdc.gov/resource/fpsi-y8tj.csv (CDC NCIPC Mapping Injury, Overdose, and Violence - State) | denominators for pooled rates: https://www2.census.gov/programs-surveys/popest/datasets/2020-2024/state/totals/NST-EST2024-ALLDATA.csv",https://giffords.org/lawcenter/resources/scorecard/ | https://everytownresearch.org/rankings/,"https://www2.census.gov/programs-surveys/saipe/datasets/2024/2024-state-and-county/est24all.txt (+ est20-est23 for the 2020-2024 mean) | ACS 2024 5-year table-based SF, tables B19013 and B19083, https://www2.census.gov/programs-surveys/acs/summary_file/2024/table-based-SF/",2026-09-24
North Dakota,38,1.4,11,2.09,82,,12.1,95,14.04,551,,F,32,35,31,10.8,10.62,80132,76657.0,0.4568,"https://data.cdc.gov/resource/fpsi-y8tj.csv (CDC NCIPC Mapping Injury, Overdose, and Violence - State) | denominators for pooled rates: https://www2.census.gov/programs-surveys/popest/datasets/2020-2024/state/totals/NST-EST2024-ALLDATA.csv",https://giffords.org/lawcenter/resources/scorecard/ | https://everytownresearch.org/rankings/,"https://www2.census.gov/programs-surveys/saipe/datasets/2024/2024-state-and-county/est24all.txt (+ est20-est23 for the 2020-2024 mean) | ACS 2024 5-year table-based SF, tables B19013 and B19083, https://www2.census.gov/programs-surveys/acs/summary_file/2024/table-based-SF/",2026-09-24
Ohio,39,4.9,577,6.27,3701,,14.8,1745,15.27,9019,,F,30,30,24,12.6,13.02,72259,71389.0,0.4672,"https://data.cdc.gov/resource/fpsi-y8tj.csv (CDC NCIPC Mapping Injury, Overdose, and Violence - State) | denominators for pooled rates: https://www2.census.gov/programs-surveys/popest/datasets/2020-2024/state/totals/NST-EST2024-ALLDATA.csv",https://giffords.org/lawcenter/resources/scorecard/ | https://everytownresearch.org/rankings/,"https://www2.census.gov/programs-surveys/saipe/datasets/2024/2024-state-and-county/est24all.txt (+ est20-est23 for the 2020-2024 mean) | ACS 2024 5-year table-based SF, tables B19013 and B19083, https://www2.census.gov/programs-surveys/acs/summary_file/2024/table-based-SF/",2026-09-24
Oklahoma,40,5.0,204,5.91,1191,,19.6,794,20.19,4067,,F,36,42,12,14.8,15.18,66124,65039.0,0.4671,"https://data.cdc.gov/resource/fpsi-y8tj.csv (CDC NCIPC Mapping Injury, Overdose, and Violence - State) | denominators for pooled rates: https://www2.census.gov/programs-surveys/popest/datasets/2020-2024/state/totals/NST-EST2024-ALLDATA.csv",https://giffords.org/lawcenter/resources/scorecard/ | https://everytownresearch.org/rankings/,"https://www2.census.gov/programs-surveys/saipe/datasets/2024/2024-state-and-county/est24all.txt (+ est20-est23 for the 2020-2024 mean) | ACS 2024 5-year table-based SF, tables B19013 and B19083, https://www2.census.gov/programs-surveys/acs/summary_file/2024/table-based-SF/",2026-09-24
Oregon,41,2.8,120,3.12,664,,15.7,663,15.15,3222,,A-,11,12,25,11.7,11.8,84897,83011.0,0.463,"https://data.cdc.gov/resource/fpsi-y8tj.csv (CDC NCIPC Mapping Injury, Overdose, and Violence - State) | denominators for pooled rates: https://www2.census.gov/programs-surveys/popest/datasets/2020-2024/state/totals/NST-EST2024-ALLDATA.csv",https://giffords.org/lawcenter/resources/scorecard/ | https://everytownresearch.org/rankings/,"https://www2.census.gov/programs-surveys/saipe/datasets/2024/2024-state-and-county/est24all.txt (+ est20-est23 for the 2020-2024 mean) | ACS 2024 5-year table-based SF, tables B19013 and B19083, https://www2.census.gov/programs-surveys/acs/summary_file/2024/table-based-SF/",2026-09-24
Pennsylvania,42,3.9,503,5.65,3679,,12.5,1624,13.87,9029,,B,16,18,33,11.6,11.64,77532,77971.0,0.4742,"https://data.cdc.gov/resource/fpsi-y8tj.csv (CDC NCIPC Mapping Injury, Overdose, and Violence - State) | denominators for pooled rates: https://www2.census.gov/programs-surveys/popest/datasets/2020-2024/state/totals/NST-EST2024-ALLDATA.csv",https://giffords.org/lawcenter/resources/scorecard/ | https://everytownresearch.org/rankings/,"https://www2.census.gov/programs-surveys/saipe/datasets/2024/2024-state-and-county/est24all.txt (+ est20-est23 for the 2020-2024 mean) | ACS 2024 5-year table-based SF, tables B19013 and B19083, https://www2.census.gov/programs-surveys/acs/summary_file/2024/table-based-SF/",2026-09-24
Rhode Island,44,1.1,12,1.69,93,,5.0,55,4.86,268,,A-,12,13,46,12.0,11.46,83250,87796.0,0.461,"https://data.cdc.gov/resource/fpsi-y8tj.csv (CDC NCIPC Mapping Injury, Overdose, and Violence - State) | denominators for pooled rates: https://www2.census.gov/programs-surveys/popest/datasets/2020-2024/state/totals/NST-EST2024-ALLDATA.csv",https://giffords.org/lawcenter/resources/scorecard/ | https://everytownresearch.org/rankings/,"https://www2.census.gov/programs-surveys/saipe/datasets/2024/2024-state-and-county/est24all.txt (+ est20-est23 for the 2020-2024 mean) | ACS 2024 5-year table-based SF, tables B19013 and B19083, https://www2.census.gov/programs-surveys/acs/summary_file/2024/table-based-SF/",2026-09-24
South Carolina,45,7.8,417,9.25,2450,,19.8,1064,20.6,5455,,F,29,33,11,13.3,13.9,72507,69324.0,0.4755,"https://data.cdc.gov/resource/fpsi-y8tj.csv (CDC NCIPC Mapping Injury, Overdose, and Violence - State) | denominators for pooled rates: https://www2.census.gov/programs-surveys/popest/datasets/2020-2024/state/totals/NST-EST2024-ALLDATA.csv",https://giffords.org/lawcenter/resources/scorecard/ | https://everytownresearch.org/rankings/,"https://www2.census.gov/programs-surveys/saipe/datasets/2024/2024-state-and-county/est24all.txt (+ est20-est23 for the 2020-2024 mean) | ACS 2024 5-year table-based SF, tables B19013 and B19083, https://www2.census.gov/programs-surveys/acs/summary_file/2024/table-based-SF/",2026-09-24
South Dakota,46,3.2,29,2.6,118,,17.3,159,14.55,660,,F,43,48,15,10.5,11.56,77494,75081.0,0.4493,"https://data.cdc.gov/resource/fpsi-y8tj.csv (CDC NCIPC Mapping Injury, Overdose, and Violence - State) | denominators for pooled rates: https://www2.census.gov/programs-surveys/popest/datasets/2020-2024/state/totals/NST-EST2024-ALLDATA.csv",https://giffords.org/lawcenter/resources/scorecard/ | https://everytownresearch.org/rankings/,"https://www2.census.gov/programs-surveys/saipe/datasets/2024/2024-state-and-county/est24all.txt (+ est20-est23 for the 2020-2024 mean) | ACS 2024 5-year table-based SF, tables B19013 and B19083, https://www2.census.gov/programs-surveys/acs/summary_file/2024/table-based-SF/",2026-09-24
Tennessee,47,8.1,578,9.11,3220,,20.3,1448,21.39,7557,,F,30,29,9,13.3,13.54,72007,69595.0,0.4761,"https://data.cdc.gov/resource/fpsi-y8tj.csv (CDC NCIPC Mapping Injury, Overdose, and Violence - State) | denominators for pooled rates: https://www2.census.gov/programs-surveys/popest/datasets/2020-2024/state/totals/NST-EST2024-ALLDATA.csv",https://giffords.org/lawcenter/resources/scorecard/ | https://everytownresearch.org/rankings/,"https://www2.census.gov/programs-surveys/saipe/datasets/2024/2024-state-and-county/est24all.txt (+ est20-est23 for the 2020-2024 mean) | ACS 2024 5-year table-based SF, tables B19013 and B19083, https://www2.census.gov/programs-surveys/acs/summary_file/2024/table-based-SF/",2026-09-24
Texas,48,4.8,1450,5.74,8658,,14.4,4389,14.81,22357,,F,27,32,26,13.4,13.74,79723,78476.0,0.4782,"https://data.cdc.gov/resource/fpsi-y8tj.csv (CDC NCIPC Mapping Injury, Overdose, and Violence - State) | denominators for pooled rates: https://www2.census.gov/programs-surveys/popest/datasets/2020-2024/state/totals/NST-EST2024-ALLDATA.csv",https://giffords.org/lawcenter/resources/scorecard/ | https://everytownresearch.org/rankings/,"https://www2.census.gov/programs-surveys/saipe/datasets/2024/2024-state-and-county/est24all.txt (+ est20-est23 for the 2020-2024 mean) | ACS 2024 5-year table-based SF, tables B19013 and B19083, https://www2.census.gov/programs-surveys/acs/summary_file/2024/table-based-SF/",2026-09-24
Utah,49,1.7,58,1.84,312,,13.3,454,13.37,2268,,F,28,36,27,8.4,8.34,96398,95166.0,0.4266,"https://data.cdc.gov/resource/fpsi-y8tj.csv (CDC NCIPC Mapping Injury, Overdose, and Violence - State) | denominators for pooled rates: https://www2.census.gov/programs-surveys/popest/datasets/2020-2024/state/totals/NST-EST2024-ALLDATA.csv",https://giffords.org/lawcenter/resources/scorecard/ | https://everytownresearch.org/rankings/,"https://www2.census.gov/programs-surveys/saipe/datasets/2024/2024-state-and-county/est24all.txt (+ est20-est23 for the 2020-2024 mean) | ACS 2024 5-year table-based SF, tables B19013 and B19083, https://www2.census.gov/programs-surveys/acs/summary_file/2024/table-based-SF/",2026-09-24
Vermont,50,1.9,12,,39,2020;2021,11.7,76,12.42,402,,B-,18,17,41,9.3,9.8,82836,81203.0,0.4531,"https://data.cdc.gov/resource/fpsi-y8tj.csv (CDC NCIPC Mapping Injury, Overdose, and Violence - State) | denominators for pooled rates: https://www2.census.gov/programs-surveys/popest/datasets/2020-2024/state/totals/NST-EST2024-ALLDATA.csv",https://giffords.org/lawcenter/resources/scorecard/ | https://everytownresearch.org/rankings/,"https://www2.census.gov/programs-surveys/saipe/datasets/2024/2024-state-and-county/est24all.txt (+ est20-est23 for the 2020-2024 mean) | ACS 2024 5-year table-based SF, tables B19013 and B19083, https://www2.census.gov/programs-surveys/acs/summary_file/2024/table-based-SF/",2026-09-24
Virginia,51,4.5,395,5.45,2371,,13.2,1153,14.08,6128,,B+,14,15,28,9.8,10.02,92116,93170.0,0.4715,"https://data.cdc.gov/resource/fpsi-y8tj.csv (CDC NCIPC Mapping Injury, Overdose, and Violence - State) | denominators for pooled rates: https://www2.census.gov/programs-surveys/popest/datasets/2020-2024/state/totals/NST-EST2024-ALLDATA.csv",https://giffords.org/lawcenter/resources/scorecard/ | https://everytownresearch.org/rankings/,"https://www2.census.gov/programs-surveys/saipe/datasets/2024/2024-state-and-county/est24all.txt (+ est20-est23 for the 2020-2024 mean) | ACS 2024 5-year table-based SF, tables B19013 and B19083, https://www2.census.gov/programs-surveys/acs/summary_file/2024/table-based-SF/",2026-09-24
Washington,53,3.0,235,3.4,1330,,11.7,915,12.15,4750,,A-,9,9,39,10.0,9.94,99309,98141.0,0.4691,"https://data.cdc.gov/resource/fpsi-y8tj.csv (CDC NCIPC Mapping Injury, Overdose, and Violence - State) | denominators for pooled rates: https://www2.census.gov/programs-surveys/popest/datasets/2020-2024/state/totals/NST-EST2024-ALLDATA.csv",https://giffords.org/lawcenter/resources/scorecard/ | https://everytownresearch.org/rankings/,"https://www2.census.gov/programs-surveys/saipe/datasets/2024/2024-state-and-county/est24all.txt (+ est20-est23 for the 2020-2024 mean) | ACS 2024 5-year table-based SF, tables B19013 and B19083, https://www2.census.gov/programs-surveys/acs/summary_file/2024/table-based-SF/",2026-09-24
West Virginia,54,3.6,64,4.27,380,,15.9,281,17.44,1551,,F,32,27,22,16.2,16.52,60662,59608.0,0.4709,"https://data.cdc.gov/resource/fpsi-y8tj.csv (CDC NCIPC Mapping Injury, Overdose, and Violence - State) | denominators for pooled rates: https://www2.census.gov/programs-surveys/popest/datasets/2020-2024/state/totals/NST-EST2024-ALLDATA.csv",https://giffords.org/lawcenter/resources/scorecard/ | https://everytownresearch.org/rankings/,"https://www2.census.gov/programs-surveys/saipe/datasets/2024/2024-state-and-county/est24all.txt (+ est20-est23 for the 2020-2024 mean) | ACS 2024 5-year table-based SF, tables B19013 and B19083, https://www2.census.gov/programs-surveys/acs/summary_file/2024/table-based-SF/",2026-09-24
Wisconsin,55,3.5,207,4.27,1263,,12.4,735,12.97,3837,,C,22,22,32,10.3,10.5,77557,77485.0,0.444,"https://data.cdc.gov/resource/fpsi-y8tj.csv (CDC NCIPC Mapping Injury, Overdose, and Violence - State) | denominators for pooled rates: https://www2.census.gov/programs-surveys/popest/datasets/2020-2024/state/totals/NST-EST2024-ALLDATA.csv",https://giffords.org/lawcenter/resources/scorecard/ | https://everytownresearch.org/rankings/,"https://www2.census.gov/programs-surveys/saipe/datasets/2024/2024-state-and-county/est24all.txt (+ est20-est23 for the 2020-2024 mean) | ACS 2024 5-year table-based SF, tables B19013 and B19083, https://www2.census.gov/programs-surveys/acs/summary_file/2024/table-based-SF/",2026-09-24
Wyoming,56,1.9,11,2.16,63,,24.5,143,24.24,706,,F,50,46,5,10.0,10.28,76975,76176.0,0.4539,"https://data.cdc.gov/resource/fpsi-y8tj.csv (CDC NCIPC Mapping Injury, Overdose, and Violence - State) | denominators for pooled rates: https://www2.census.gov/programs-surveys/popest/datasets/2020-2024/state/totals/NST-EST2024-ALLDATA.csv",https://giffords.org/lawcenter/resources/scorecard/ | https://everytownresearch.org/rankings/,"https://www2.census.gov/programs-surveys/saipe/datasets/2024/2024-state-and-county/est24all.txt (+ est20-est23 for the 2020-2024 mean) | ACS 2024 5-year table-based SF, tables B19013 and B19083, https://www2.census.gov/programs-surveys/acs/summary_file/2024/table-based-SF/",2026-09-24
