market_slug,trigger_type,resolution_date,resolution_outcome,market_prob_at_entry,delta_p_at_entry,entry_date,fill_notional_usd,book_depth_usd,half_spread_frac
biden-executive-action-on-us-mexico-border-in-february,cointelpro_metric,2024-02-29,0,0.5,-0.0452,2024-02-21,100.0,1000.0,0.01
supreme-court-vacancy-in-2024,cointelpro_metric,2024-12-31,0,0.505,0.0632,2024-03-05,100.0,1000.0,0.01
abortion-on-the-2024-ballot-in-arizona,cointelpro_metric,2024-11-05,1,0.55,-0.1956,2024-04-10,100.0,1000.0,0.01
will-arizona-abortion-ban-be-repealed,cointelpro_metric,2024-11-05,1,0.825,-0.1956,2024-04-10,100.0,1000.0,0.01
supreme-court-upholds-absolute-immunity-for-trump,cointelpro_metric,2024-11-04,0,0.045,-0.1956,2024-04-26,100.0,1000.0,0.01
supreme-court-unanimous-vote-in-trump-immunity-case,cointelpro_metric,2024-11-04,0,0.105,-0.1956,2024-04-26,100.0,1000.0,0.01
court-blocks-biden-executive-order-on-immigration,cointelpro_metric,2024-06-30,0,0.575,-0.5541,2024-06-04,100.0,1000.0,0.01
will-trump-say-abortion-during-the-debate,cointelpro_metric,2024-06-27,1,0.52,-0.5541,2024-06-19,100.0,1000.0,0.01
will-trump-say-prison-during-the-debate,cointelpro_metric,2024-06-27,1,0.665,-0.5541,2024-06-19,100.0,1000.0,0.01
supreme-court-term-limits-in-2024,cointelpro_metric,2024-12-31,0,0.105,-0.4329,2024-07-29,100.0,1000.0,0.01
will-colorados-abortion-protection-measure-pass,cointelpro_metric,2024-11-05,1,0.92,-0.2877,2024-08-08,100.0,1000.0,0.01
will-floridas-abortion-protection-measure-pass,cointelpro_metric,2024-11-05,0,0.735,-0.2877,2024-08-08,100.0,1000.0,0.01
will-south-dakotas-abortion-protection-measure-pass,cointelpro_metric,2024-11-05,0,0.61,-0.2877,2024-08-08,100.0,1000.0,0.01
will-nevadas-abortion-protection-measure-pass,cointelpro_metric,2024-11-05,1,0.695,-0.2877,2024-08-08,100.0,1000.0,0.01
will-new-yorks-abortion-protection-measure-pass,cointelpro_metric,2024-11-05,1,0.755,-0.2877,2024-08-08,100.0,1000.0,0.01
will-marylands-abortion-protection-measure-pass,cointelpro_metric,2024-11-05,1,0.91,-0.2877,2024-08-08,100.0,1000.0,0.01
us-presidential-election-certified-on-january-6,cointelpro_metric,2025-01-06,1,0.935,-0.2877,2024-08-09,100.0,1000.0,0.01
will-arizonas-abortion-protection-measure-pass,cointelpro_metric,2024-11-05,1,0.885,-0.2877,2024-08-13,100.0,1000.0,0.01
will-missouris-abortion-protection-measure-pass,cointelpro_metric,2024-11-05,1,0.62,-0.2877,2024-08-13,100.0,1000.0,0.01
will-trump-say-illegal-immigration-at-his-press-conference,cointelpro_metric,2024-08-15,1,0.705,-0.2877,2024-08-14,100.0,1000.0,0.01
will-kamala-harris-say-inflation-3-or-more-times-during-friday-speech,heat_shield_reversal,2024-08-16,0,0.695,-0.2877,2024-08-15,100.0,1000.0,0.01
will-kamala-harris-say-abortion-during-friday-speech,cointelpro_metric,2024-08-16,0,0.66,-0.2877,2024-08-15,100.0,1000.0,0.01
will-trump-say-illegal-immigration-3-or-more-times-at-his-rally,cointelpro_metric,2024-08-17,0,0.38,-0.2877,2024-08-16,100.0,1000.0,0.01
will-kamala-harris-say-inflation-3-or-more-times-during-dnc-speech,heat_shield_reversal,2024-08-22,0,0.27,-0.2877,2024-08-16,100.0,1000.0,0.01
will-kamala-harris-say-abortion-during-dnc-speech,cointelpro_metric,2024-08-22,1,0.625,-0.2877,2024-08-16,100.0,1000.0,0.01
will-walz-say-abortion-at-dnc-speech,cointelpro_metric,2024-08-21,1,0.75,-0.2877,2024-08-20,100.0,1000.0,0.01
will-kamala-harris-say-inflation-during-dnc-speech,heat_shield_reversal,2024-08-22,0,0.88,-0.2877,2024-08-21,100.0,1000.0,0.01
will-montanas-abortion-protection-measure-pass,cointelpro_metric,2024-11-05,1,0.775,-0.2877,2024-08-21,100.0,1000.0,0.01
will-kamala-harris-say-abortion-during-cnn-interview,cointelpro_metric,2024-08-29,0,0.81,-0.2877,2024-08-27,100.0,1000.0,0.01
will-kamala-harris-say-inflation-during-cnn-interview,heat_shield_reversal,2024-08-29,1,0.565,-0.2877,2024-08-27,100.0,1000.0,0.01
will-kamala-harris-say-border-during-cnn-interview,cointelpro_metric,2024-08-29,1,0.835,-0.2877,2024-08-27,100.0,1000.0,0.01
will-tim-walz-say-abortion-during-cnn-interview,cointelpro_metric,2024-08-29,1,0.43,-0.2877,2024-08-28,100.0,1000.0,0.01
will-trump-say-border-czar-at-wisconsin-rally,cointelpro_metric,2024-09-07,1,0.895,-0.2636,2024-09-03,100.0,1000.0,0.01
will-trump-say-illegal-immigrant-or-illegal-immigration-during-hannity-town-hall,cointelpro_metric,2024-09-04,1,0.715,-0.2636,2024-09-03,100.0,1000.0,0.01
will-trump-say-union-during-hannity-town-hall,heat_shield_reversal,2024-09-04,1,0.5,-0.2636,2024-09-03,100.0,1000.0,0.01
will-trump-say-border-15-or-more-times-during-hannity-town-hall,cointelpro_metric,2024-09-04,0,0.41,-0.2636,2024-09-03,100.0,1000.0,0.01
will-trump-say-abortion-at-debate,cointelpro_metric,2024-09-10,1,0.7,-0.2636,2024-09-03,100.0,1000.0,0.01
will-trump-say-border-15-or-more-times-at-wisconsin-rally,cointelpro_metric,2024-09-07,1,0.525,-0.2636,2024-09-03,100.0,1000.0,0.01
will-trump-say-border-czar-during-hannity-town-hall,cointelpro_metric,2024-09-04,1,0.86,-0.2636,2024-09-03,100.0,1000.0,0.01
will-trump-say-abortion-at-wisconsin-rally,cointelpro_metric,2024-09-07,1,0.285,-0.2636,2024-09-03,100.0,1000.0,0.01
will-trump-say-border-czar-at-debate,cointelpro_metric,2024-09-10,1,0.77,-0.2636,2024-09-03,100.0,1000.0,0.01
will-trump-say-border-10-or-more-times-at-debate,cointelpro_metric,2024-09-10,0,0.565,-0.2636,2024-09-03,100.0,1000.0,0.01
will-kamala-say-inflation-at-debate,heat_shield_reversal,2024-09-10,1,0.93,-0.2636,2024-09-03,100.0,1000.0,0.01
will-kamala-say-border-5-or-more-times-at-debate,cointelpro_metric,2024-09-10,0,0.505,-0.2636,2024-09-03,100.0,1000.0,0.01
will-kamala-say-abortion-at-debate,cointelpro_metric,2024-09-10,1,0.815,-0.2636,2024-09-03,100.0,1000.0,0.01
will-kamala-and-trump-both-say-border-5-or-more-times-at-debate,cointelpro_metric,2024-09-10,0,0.635,-0.2636,2024-09-10,100.0,1000.0,0.01
will-kamala-and-trump-both-say-abortion-at-debate,cointelpro_metric,2024-09-10,1,0.765,-0.2636,2024-09-10,100.0,1000.0,0.01
will-trump-say-border-15-or-more-times-during-his-arizona-rally,cointelpro_metric,2024-09-12,1,0.795,-0.2636,2024-09-11,100.0,1000.0,0.01
will-trump-say-border-15-or-more-times-during-his-nevada-rally,cointelpro_metric,2024-09-13,1,0.71,-0.2636,2024-09-11,100.0,1000.0,0.01
will-kamala-harris-say-abortion-during-her-north-carolina-rally,cointelpro_metric,2024-09-12,1,0.77,-0.2636,2024-09-11,100.0,1000.0,0.01
will-kamala-harris-say-border-5-or-more-times-during-her-north-carolina-rally,cointelpro_metric,2024-09-12,0,0.18,-0.2636,2024-09-11,100.0,1000.0,0.01
will-trump-say-abortion-during-his-nevada-rally,cointelpro_metric,2024-09-13,1,0.64,-0.2636,2024-09-11,100.0,1000.0,0.01
will-trump-say-abortion-during-his-arizona-rally,cointelpro_metric,2024-09-12,1,0.67,-0.2636,2024-09-11,100.0,1000.0,0.01
will-trump-say-50-border-states-during-his-nevada-rally,cointelpro_metric,2024-09-13,0,0.475,-0.2636,2024-09-12,100.0,1000.0,0.01
will-kamala-harris-say-abortion-ban-during-her-pennsylvania-rally,cointelpro_metric,2024-09-13,1,0.9985,-0.2636,2024-09-13,100.0,1000.0,0.01
will-kamala-harris-say-border-5-or-more-times-during-her-pennsylvania-rally,cointelpro_metric,2024-09-13,0,0.005,-0.2636,2024-09-13,100.0,1000.0,0.01
will-kamala-harris-say-border-3-or-more-times-during-her-wisconsin-rally,cointelpro_metric,2024-09-20,0,0.14,-0.2636,2024-09-16,100.0,1000.0,0.01
will-kamala-harris-say-abortion-ban-during-her-wisconsin-rally,cointelpro_metric,2024-09-20,1,0.925,-0.2636,2024-09-16,100.0,1000.0,0.01
will-kamala-harris-say-border-during-oprah-livestream,cointelpro_metric,2024-09-19,1,0.365,-0.2636,2024-09-19,100.0,1000.0,0.01
will-kamala-harris-say-abortion-during-oprah-livestream,cointelpro_metric,2024-09-19,1,0.9,-0.2636,2024-09-19,100.0,1000.0,0.01
will-tim-walz-say-abortion-during-the-debate,cointelpro_metric,2024-10-01,1,0.5,-0.2636,2024-09-24,100.0,1000.0,0.01
will-tim-walz-say-abortion-5-or-more-times-during-the-debate,cointelpro_metric,2024-10-01,0,0.465,-0.2636,2024-09-24,100.0,1000.0,0.01
will-jd-vance-say-inflation-during-the-debate,heat_shield_reversal,2024-10-01,1,0.5,-0.2636,2024-09-24,100.0,1000.0,0.01
will-jd-vance-say-abortion-during-the-debate,cointelpro_metric,2024-10-01,1,0.5,-0.2636,2024-09-24,100.0,1000.0,0.01
will-jd-vance-say-border-5-or-more-times-during-the-debate,cointelpro_metric,2024-10-01,1,0.5,-0.2636,2024-09-24,100.0,1000.0,0.01
will-trump-say-border-30-or-more-times-in-wisconsin-speech-october-1,cointelpro_metric,2024-10-01,0,0.575,-0.2636,2024-09-30,100.0,1000.0,0.01
will-trump-say-border-20-or-more-times-in-wisconsin-speech-october-1,cointelpro_metric,2024-10-01,0,0.85,-0.2636,2024-09-30,100.0,1000.0,0.01
will-kamala-harris-say-abortion-3-or-more-times-on-call-her-daddy,cointelpro_metric,2024-10-18,1,0.58,0.1751,2024-10-04,100.0,1000.0,0.01
will-kamala-say-abortion-ban-during-univision-town-hall-on-october-10,cointelpro_metric,2024-10-10,1,0.58,0.1751,2024-10-08,100.0,1000.0,0.01
will-kamala-say-inflation-3-or-more-times-during-univision-town-hall-on-october-10,heat_shield_reversal,2024-10-10,0,0.17,0.1751,2024-10-08,100.0,1000.0,0.01
will-kamala-say-border-5-or-more-times-during-univision-town-hall-on-october-10,cointelpro_metric,2024-10-10,1,0.405,0.1751,2024-10-08,100.0,1000.0,0.01
will-trump-say-border-30-or-more-times-during-georgia-speech-on-oct-15,cointelpro_metric,2024-10-15,0,0.395,0.1751,2024-10-14,100.0,1000.0,0.01
will-trump-say-border-20-or-more-times-during-georgia-speech-on-oct-15,cointelpro_metric,2024-10-15,0,0.745,0.1751,2024-10-14,100.0,1000.0,0.01
will-trump-say-defund-the-police-during-georgia-speech-on-oct-15,cointelpro_metric,2024-10-15,1,0.5,0.1751,2024-10-14,100.0,1000.0,0.01
will-trump-say-inflation-5-or-more-times-during-georgia-speech-on-oct-15,heat_shield_reversal,2024-10-15,1,0.75,0.1751,2024-10-14,100.0,1000.0,0.01
will-trump-say-abortion-10-or-more-times-during-all-female-town-hall,cointelpro_metric,2024-10-16,0,0.2,0.1751,2024-10-14,100.0,1000.0,0.01
will-trump-say-border-20-or-more-times-during-all-female-town-hall,cointelpro_metric,2024-10-16,1,0.165,0.1751,2024-10-14,100.0,1000.0,0.01
will-trump-say-abortion-5-or-more-times-during-all-female-town-hall,cointelpro_metric,2024-10-16,0,0.45,0.1751,2024-10-14,100.0,1000.0,0.01
will-nebraskas-abortion-protection-measure-pass,cointelpro_metric,2024-11-05,0,0.525,0.1751,2024-10-15,100.0,1000.0,0.01
will-trump-say-abortion-during-univision-town-hall,cointelpro_metric,2024-10-16,0,0.615,0.1751,2024-10-15,100.0,1000.0,0.01
will-trump-say-roe-or-wade-during-all-female-town-hall,cointelpro_metric,2024-10-16,0,0.525,0.1751,2024-10-15,100.0,1000.0,0.01
will-trump-say-border-15-or-more-times-during-univision-town-hall,cointelpro_metric,2024-10-16,1,0.67,0.1751,2024-10-15,100.0,1000.0,0.01
will-trump-say-border-25-or-more-times-during-univision-town-hall,cointelpro_metric,2024-10-16,0,0.175,0.1751,2024-10-15,100.0,1000.0,0.01
will-kamala-say-border-5-or-more-times-during-fox-news-interview,cointelpro_metric,2024-10-16,1,0.39,0.1751,2024-10-15,100.0,1000.0,0.01
will-kamala-say-abortion-during-fox-news-interview,cointelpro_metric,2024-10-16,0,0.84,0.1751,2024-10-15,100.0,1000.0,0.01
will-kamala-say-roe-or-wade-during-fox-news-interview,cointelpro_metric,2024-10-16,0,0.545,0.1751,2024-10-15,100.0,1000.0,0.01
will-kamala-say-inflation-3-or-more-times-during-fox-news-event,heat_shield_reversal,2024-10-16,0,0.535,0.1751,2024-10-15,100.0,1000.0,0.01
will-trump-say-border-20-or-more-times-during-georgia-rally-on-october-23,cointelpro_metric,,1,0.735,0.1751,2024-10-21,100.0,1000.0,0.01
will-trump-say-defund-the-police-2-or-more-times-during-georgia-rally-on-october-23,cointelpro_metric,2024-10-23,1,0.76,0.1751,2024-10-21,100.0,1000.0,0.01
will-trump-say-border-30-or-more-times-during-georgia-rally-on-october-23,cointelpro_metric,,0,0.355,0.1751,2024-10-21,100.0,1000.0,0.01
will-trump-say-border-30-or-more-times-during-michigan-rally-on-october-25,cointelpro_metric,2024-10-25,0,0.325,0.1751,2024-10-24,100.0,1000.0,0.01
will-trump-say-border-25-or-more-times-during-michigan-rally-on-october-25,cointelpro_metric,2024-10-25,0,0.58,0.1751,2024-10-24,100.0,1000.0,0.01
will-trump-say-border-30-or-more-times-during-georgia-rally-on-october-28,cointelpro_metric,2024-10-28,0,0.16,0.1751,2024-10-25,100.0,1000.0,0.01
will-trump-say-border-20-or-more-times-during-georgia-rally-on-october-28,cointelpro_metric,2024-10-28,1,0.74,0.1751,2024-10-25,100.0,1000.0,0.01
will-kamala-say-january-6-or-j6-5-or-more-times-during-dc-rally-on-oct-29,cointelpro_metric,2024-10-29,0,0.16,0.1751,2024-10-29,100.0,1000.0,0.01
will-kamala-say-abortion-ban-during-dc-rally-on-oct-29,cointelpro_metric,2024-10-29,1,0.995,0.1751,2024-10-29,100.0,1000.0,0.01
will-jd-vance-say-abortion-during-the-joe-rogan-podcast,cointelpro_metric,2024-10-30,1,0.68,0.1751,2024-10-29,100.0,1000.0,0.01
will-jd-vance-say-border-20-or-more-times-during-the-joe-rogan-podcast,cointelpro_metric,2024-10-30,0,0.355,0.1751,2024-10-29,100.0,1000.0,0.01
will-trump-say-border-30-or-more-during-warren-mi-rally,cointelpro_metric,2024-11-01,0,0.0005,0.1751,2024-10-30,100.0,1000.0,0.01
trump-signs-national-abortion-ban-in-first-100-days,cointelpro_metric,2025-04-29,0,0.085,-0.6028,2024-11-05,100.0,1000.0,0.01
trump-transgender-sports-ban,interference_spike,2025-04-29,1,0.585,-0.6028,2024-11-08,100.0,1000.0,0.01
will-the-gop-use-nuclear-option-to-break-legislative-filibuster,cointelpro_metric,2025-06-30,0,0.165,-0.6028,2024-11-08,100.0,1000.0,0.01
will-sotomayor-retire-from-scotus-before-inauguration,cointelpro_metric,2025-01-19,0,0.1,-0.6028,2024-11-08,100.0,1000.0,0.01
will-trump-say-border-5-or-more-times-during-his-inauguration-speech,cointelpro_metric,2025-02-03,0,0.57,-0.6028,2024-11-15,100.0,1000.0,0.01
will-trump-say-illegal-immigrant-or-illegal-immigration-during-his-inauguration-speech-1,cointelpro_metric,2025-02-03,0,0.555,-0.6028,2024-11-15,100.0,1000.0,0.01
will-powell-say-immigrant-or-immigration-during-january-press-conference,cointelpro_metric,2025-01-29,1,0.365,-0.694,2024-12-19,100.0,1000.0,0.01
will-powell-say-inflation-50-or-more-times-during-january-press-conference,heat_shield_reversal,2025-01-29,0,0.81,-0.694,2024-12-19,100.0,1000.0,0.01
will-powell-say-inflation-60-or-more-times-during-january-press-conference,heat_shield_reversal,2025-01-29,0,0.595,-0.694,2024-12-19,100.0,1000.0,0.01
will-powell-say-unemployment-8-or-more-times-during-january-press-conference,heat_shield_reversal,2025-01-29,1,0.495,-0.694,2024-12-19,100.0,1000.0,0.01
will-powell-say-inflation-40-or-more-times-during-january-press-conference,heat_shield_reversal,2025-01-29,1,0.87,-0.694,2024-12-19,100.0,1000.0,0.01
will-trump-comment-on-immigration-debate-by-tomorrow,cointelpro_metric,2024-12-27,0,0.14,-0.694,2024-12-26,100.0,1000.0,0.01
supreme-court-vacancy-2025,cointelpro_metric,2025-12-31,0,0.235,-0.694,2024-12-31,100.0,1000.0,0.01
will-supreme-court-delay-the-tiktok-ban,cointelpro_metric,2025-01-19,0,0.53,-0.6866,2025-01-09,100.0,1000.0,0.01
trump-transgender-executive-order-on-day-1,interference_spike,2025-01-20,1,0.54,-0.6866,2025-01-14,100.0,1000.0,0.01
will-trump-say-january-6-during-his-inauguration-speech,cointelpro_metric,2025-02-03,0,0.26,-0.6866,2025-01-15,100.0,1000.0,0.01
will-trump-say-mandate-5-times-times-during-the-2025-state-of-the-union,heat_shield_reversal,2025-03-04,0,0.5,-0.6866,2025-01-31,100.0,1000.0,0.01
will-trump-say-crypto-or-bitcoin-during-the-2025-state-of-the-union,heat_shield_reversal,2025-03-04,0,0.27,-0.6866,2025-01-31,100.0,1000.0,0.01
will-trump-say-trans-during-the-2025-state-of-the-union,heat_shield_reversal,2025-03-04,1,0.5,-0.6866,2025-01-31,100.0,1000.0,0.01
will-trump-say-term-limit-during-the-2025-state-of-the-union,heat_shield_reversal,2025-03-04,0,0.485,-0.6866,2025-01-31,100.0,1000.0,0.01
will-trump-say-dei-or-diversity-equity-and-inclusion-during-the-2025-state-of-the-union,heat_shield_reversal,2025-03-04,1,0.41,-0.6866,2025-01-31,100.0,1000.0,0.01
will-trump-say-mexico-5-times-during-the-2025-state-of-the-union,heat_shield_reversal,2025-03-04,1,0.48,-0.6866,2025-01-31,100.0,1000.0,0.01
will-trump-say-tariff-5-times-times-during-the-2025-state-of-the-union,heat_shield_reversal,2025-03-04,1,0.5,-0.6866,2025-01-31,100.0,1000.0,0.01
will-karoline-leavitt-say-dei-or-diversity-equity-and-inclusion-in-her-next-press-briefing,interference_spike,2025-12-31,1,0.5,-0.6866,2025-01-31,100.0,1000.0,0.01
will-trump-say-ai-or-artificial-intelligence-during-the-2025-state-of-the-union,heat_shield_reversal,2025-03-04,0,0.56,-0.6866,2025-01-31,100.0,1000.0,0.01
will-karoline-leavitt-say-inflation-5-times-in-her-next-press-briefing,heat_shield_reversal,2025-12-31,0,0.495,-0.6866,2025-01-31,100.0,1000.0,0.01
will-jerome-powell-say-inflation-60-or-more-times-during-the-march-meeting1,heat_shield_reversal,2025-03-19,1,0.5,-0.6866,2025-01-31,100.0,1000.0,0.01
will-karoline-leavitt-say-border-5-times-in-her-next-press-briefing,cointelpro_metric,2025-12-31,1,0.495,-0.6866,2025-01-31,100.0,1000.0,0.01
will-jerome-powell-say-unemployment-8-or-more-times-during-the-march-meeting1,heat_shield_reversal,2025-03-19,1,0.5,-0.6866,2025-01-31,100.0,1000.0,0.01
will-trump-say-canada-during-the-2025-state-of-the-union,heat_shield_reversal,2025-03-04,1,0.5,-0.6866,2025-01-31,100.0,1000.0,0.01
will-trump-say-doge-or-department-of-governmental-efficiency-during-the-2025-state-of-the-union,heat_shield_reversal,2025-03-04,1,0.5,-0.6866,2025-01-31,100.0,1000.0,0.01
will-jerome-powell-say-inflation-40-or-more-times-during-the-march-meeting1,heat_shield_reversal,2025-03-19,1,0.5,-0.6866,2025-01-31,100.0,1000.0,0.01
will-jerome-powell-say-immigrant-or-immigration-during-the-march-meeting1,cointelpro_metric,2025-03-19,1,0.5,-0.6866,2025-01-31,100.0,1000.0,0.01
will-jerome-powell-say-inflation-50-or-more-times-during-the-march-meeting1,heat_shield_reversal,2025-03-19,1,0.5,-0.6866,2025-01-31,100.0,1000.0,0.01
will-trump-say-elon-or-musk-during-the-2025-state-of-the-union,heat_shield_reversal,2025-03-04,1,0.405,-0.6866,2025-01-31,100.0,1000.0,0.01
will-trump-say-inflation-10-times-during-the-2025-state-of-the-union,heat_shield_reversal,2025-03-04,0,0.435,-0.6866,2025-01-31,100.0,1000.0,0.01
will-trump-say-china-5-times-during-the-2025-state-of-the-union,heat_shield_reversal,2025-03-04,1,0.505,-0.6866,2025-01-31,100.0,1000.0,0.01
will-donald-trump-say-border-5-times-during-super-bowl-pregame-interview,cointelpro_metric,2025-02-09,0,0.41,-0.3467,2025-02-04,100.0,1000.0,0.01
will-donald-trump-say-dei-or-diversity-equity-and-inclusion-during-super-bowl-pregame-interview,interference_spike,2025-02-09,0,0.44,-0.3467,2025-02-04,100.0,1000.0,0.01
will-karoline-leavitt-say-border-5-times-during-next-white-house-press-briefing,cointelpro_metric,2025-12-31,0,0.6,-0.3467,2025-02-05,100.0,1000.0,0.01
will-karoline-leavitt-say-trans-or-transgender-during-next-white-house-press-briefing,interference_spike,2025-12-31,0,0.265,-0.3467,2025-02-05,100.0,1000.0,0.01
will-trump-say-border-5-times-during-his-thursday-press-conference,cointelpro_metric,2025-02-13,0,0.45,-0.3467,2025-02-12,100.0,1000.0,0.01
will-trump-and-elon-say-trans-or-transgender-during-their-feb-18-interview,interference_spike,2025-02-18,1,0.205,-0.3467,2025-02-18,100.0,1000.0,0.01
will-the-us-military-implement-transgender-ban,interference_spike,2025-03-31,0,0.765,-0.3467,2025-02-27,100.0,1000.0,0.01
will-trump-say-epstein-during-the-2025-state-of-the-union,heat_shield_reversal,2025-03-04,0,0.34,-0.3467,2025-02-27,100.0,1000.0,0.01
will-trump-say-greenland-during-the-2025-state-of-the-union,heat_shield_reversal,2025-03-04,1,0.26,-0.3467,2025-02-27,100.0,1000.0,0.01
will-trump-say-panama-during-the-2025-state-of-the-union,heat_shield_reversal,2025-03-04,1,0.42,-0.3467,2025-02-27,100.0,1000.0,0.01
will-trump-say-ukraine-during-the-2025-state-of-the-union,heat_shield_reversal,2025-03-04,1,0.895,-0.3467,2025-02-28,100.0,1000.0,0.01
will-trump-say-zelenskyy-during-the-2025-state-of-the-union,heat_shield_reversal,2025-03-04,1,0.64,-0.3467,2025-02-28,100.0,1000.0,0.01
will-trump-say-ceasefire-during-the-2025-state-of-the-union,heat_shield_reversal,2025-03-04,0,0.745,-0.3467,2025-02-28,100.0,1000.0,0.01
will-trump-say-putin-during-the-2025-state-of-the-union,heat_shield_reversal,2025-03-04,1,0.625,-0.3467,2025-02-28,100.0,1000.0,0.01
will-trump-say-peace-10-times-during-the-2025-state-of-the-union,heat_shield_reversal,2025-03-04,0,0.29,-0.3467,2025-02-28,100.0,1000.0,0.01
will-trump-say-retard-or-retarded-during-the-2025-state-of-the-union,heat_shield_reversal,2025-03-04,0,0.0105,-0.4104,2025-03-03,100.0,1000.0,0.01
will-trump-say-gulf-of-america-during-the-2025-state-of-the-union,heat_shield_reversal,2025-03-04,1,0.72,-0.4104,2025-03-03,100.0,1000.0,0.01
will-trump-say-beautiful-10-or-more-times-during-the-2025-state-of-the-union,heat_shield_reversal,2025-03-04,1,0.12,-0.4104,2025-03-03,100.0,1000.0,0.01
will-trump-say-million-10-or-more-times-during-the-2025-state-of-the-union,heat_shield_reversal,2025-03-04,1,0.565,-0.4104,2025-03-03,100.0,1000.0,0.01
will-trump-say-unemployment-during-the-2025-state-of-the-union,heat_shield_reversal,2025-03-04,0,0.405,-0.4104,2025-03-03,100.0,1000.0,0.01
will-trump-say-hamas-during-the-2025-state-of-the-union,heat_shield_reversal,2025-03-04,0,0.465,-0.4104,2025-03-03,100.0,1000.0,0.01
will-trump-say-unemployment-during-the-2025-state-of-the-union-1d9j,heat_shield_reversal,2025-03-04,0,0.385,-0.4104,2025-03-03,100.0,1000.0,0.01
will-trump-say-mineral-during-the-2025-state-of-the-union,heat_shield_reversal,2025-03-04,1,0.725,-0.4104,2025-03-03,100.0,1000.0,0.01
will-trump-say-russia-3-or-more-times-during-the-2025-state-of-the-union,heat_shield_reversal,2025-03-04,1,0.595,-0.4104,2025-03-03,100.0,1000.0,0.01
will-trump-say-nato-during-the-2025-state-of-the-union,heat_shield_reversal,2025-03-04,0,0.69,-0.4104,2025-03-04,100.0,1000.0,0.01
brazilian-supreme-court-minister-alexandre-de-moraes-be-impeached-2025,cointelpro_metric,2025-12-31,0,0.13,-0.4104,2025-03-05,100.0,1000.0,0.01
wisconsin-supreme-court-election-susan-crawford-vs-brad-schimel,cointelpro_metric,2025-04-01,1,0.62,-0.4104,2025-03-12,100.0,1000.0,0.01
rojas-guilty-in-texas-illegal-abortion-case,cointelpro_metric,2026-02-28,0,0.675,-0.4104,2025-03-18,100.0,1000.0,0.01
will-jerome-powell-say-immigrant-or-immigration-during-the-may-meeting,cointelpro_metric,2025-05-07,1,0.535,-0.4104,2025-03-19,100.0,1000.0,0.01
will-jerome-powell-say-inflation-40-or-more-times-during-the-may-meeting,heat_shield_reversal,2025-05-07,0,0.88,-0.4104,2025-03-19,100.0,1000.0,0.01
will-jerome-powell-say-inflation-50-or-more-times-during-the-may-meeting,heat_shield_reversal,2025-05-07,0,0.6,-0.4104,2025-03-19,100.0,1000.0,0.01
will-jerome-powell-say-inflation-60-or-more-times-during-the-may-meeting,heat_shield_reversal,2025-05-07,0,0.53,-0.4104,2025-03-19,100.0,1000.0,0.01
will-jerome-powell-say-unemployment-8-or-more-times-during-the-may-meeting,heat_shield_reversal,2025-05-07,1,0.73,-0.4104,2025-03-19,100.0,1000.0,0.01
supreme-court-blocks-order-forcing-trump-to-rehire-federal-workers,heat_shield_reversal,2025-05-31,1,0.345,-0.4104,2025-03-24,100.0,1000.0,0.01
supreme-court-unblocks-alien-enemies-act,cointelpro_metric,2025-06-30,0,0.265,-0.4104,2025-03-28,100.0,1000.0,0.01
will-cory-booker-break-the-record-for-the-longest-filibuster,cointelpro_metric,2025-04-01,1,0.9995,-0.5813,2025-04-01,100.0,1000.0,0.01
will-poilievre-say-immigration-3-times-during-canadian-election-debate-on-april-17,cointelpro_metric,2025-04-17,1,0.505,-0.5813,2025-04-14,100.0,1000.0,0.01
will-carney-say-immigration-3-times-during-canadian-election-debate-on-april-17,cointelpro_metric,2025-04-17,0,0.475,-0.5813,2025-04-14,100.0,1000.0,0.01
will-trump-say-transgender-this-week-754,interference_spike,2025-04-25,1,0.55,-0.5813,2025-04-18,100.0,1000.0,0.01
will-trump-say-transgender-this-week-755,interference_spike,2025-05-02,1,0.595,-0.5813,2025-04-25,100.0,1000.0,0.01
wisconsin-judge-convicted-for-obstructing-immigration-operation,cointelpro_metric,2026-01-31,1,0.4,-0.5813,2025-04-25,100.0,1000.0,0.01
will-powell-say-inflation-40-times-during-june-press-conference,heat_shield_reversal,2025-06-18,1,0.815,-0.6583,2025-05-08,100.0,1000.0,0.01
will-powell-say-inflation-60-times-during-june-press-conference,heat_shield_reversal,2025-06-18,0,0.45,-0.6583,2025-05-08,100.0,1000.0,0.01
will-powell-say-immigration-during-june-press-conference,cointelpro_metric,2025-06-18,1,0.655,-0.6583,2025-05-08,100.0,1000.0,0.01
will-powell-say-unemployment-15-times-during-june-press-conference,heat_shield_reversal,2025-06-18,1,0.41,-0.6583,2025-05-08,100.0,1000.0,0.01
will-powell-say-inflation-50-times-during-june-press-conference,heat_shield_reversal,2025-06-18,0,0.65,-0.6583,2025-05-08,100.0,1000.0,0.01
will-trump-say-transgender-this-week-527,interference_spike,2025-05-16,1,0.46,-0.6583,2025-05-09,100.0,1000.0,0.01
will-powell-say-inflation-40-times-during-framework-review-speech-on-may-15,heat_shield_reversal,2025-05-15,0,0.5,-0.6583,2025-05-12,100.0,1000.0,0.01
will-powell-say-inflation-50-times-during-framework-review-speech-on-may-15,heat_shield_reversal,2025-05-15,0,0.395,-0.6583,2025-05-12,100.0,1000.0,0.01
will-powell-say-unemployment-15-times-during-framework-review-speech-on-may-15,heat_shield_reversal,2025-05-15,0,0.395,-0.6583,2025-05-12,100.0,1000.0,0.01
will-trump-say-transgender-during-pittsburgh-rally-on-may-30-126,interference_spike,2025-05-30,0,0.485,-0.6583,2025-05-27,100.0,1000.0,0.01
will-trump-say-trans-transgender-this-week,interference_spike,2025-06-07,1,0.555,-0.6583,2025-05-30,100.0,1000.0,0.01
will-trump-say-transgender-during-his-250th-army-anniversary-remarks-on-june-14,interference_spike,2025-06-14,0,0.48,-0.6306,2025-06-12,100.0,1000.0,0.01
will-trump-say-trans-transgender-during-his-4th-of-july-remarks,interference_spike,2025-07-04,0,0.385,-0.6306,2025-06-16,100.0,1000.0,0.01
will-the-supreme-court-overturn-gay-marriage-in2025,cointelpro_metric,2025-12-31,0,0.275,-0.6903,2025-08-11,100.0,1000.0,0.01
will-trump-say-womens-sports-or-transgender-during-events-with-polish-president-on-september-3,interference_spike,2025-09-03,1,0.415,-0.6903,2025-08-26,100.0,1000.0,0.01
fact-check-is-the-suspect-transgender,interference_spike,2025-09-07,1,0.9085,-0.6903,2025-08-27,100.0,1000.0,0.01
israel-strike-on-damascus-by-september-30,heat_shield_reversal,2025-09-30,0,0.085,-0.5948,2025-09-01,100.0,1000.0,0.01
will-trump-say-border-during-museum-of-the-bible-speech-on-september-8,cointelpro_metric,2025-09-08,0,0.535,-0.5948,2025-09-04,100.0,1000.0,0.01
will-trump-say-transgender-during-museum-of-the-bible-speech-on-september-8-519,interference_spike,2025-09-08,1,0.49,-0.5948,2025-09-04,100.0,1000.0,0.01
will-trump-say-transgender-during-9-11-memorial-event-891-629,interference_spike,2025-09-11,0,0.16,-0.5948,2025-09-10,100.0,1000.0,0.01
new-us-sanctions-on-brazilian-supreme-court-justices-by-september-30,cointelpro_metric,2025-10-31,1,0.54,-0.5948,2025-09-11,100.0,1000.0,0.01
will-trump-say-transgender-at-charlie-kirk-memorial-event-on-september-21-664,interference_spike,2025-09-21,0,0.46,-0.5948,2025-09-16,100.0,1000.0,0.01
will-trump-say-border-at-charlie-kirk-memorial-event-on-september-21-491,cointelpro_metric,2025-09-21,1,0.49,-0.5948,2025-09-16,100.0,1000.0,0.01
israel-strike-on-damascus-by-october-31,heat_shield_reversal,2025-09-30,0,0.5,-0.5948,2025-09-26,100.0,1000.0,0.01
will-trump-say-transgender-this-week-september-29-october-5,interference_spike,2025-10-05,1,0.735,-0.5948,2025-09-28,100.0,1000.0,0.01
will-the-gop-use-nuclear-option-to-break-filibuster-by-october-31,cointelpro_metric,2025-10-31,0,0.08,-0.5339,2025-10-01,100.0,1000.0,0.01
will-trump-say-transgender-during-events-with-pm-of-canada-on-oct-7,interference_spike,2025-10-07,1,0.26,-0.5339,2025-10-06,100.0,1000.0,0.01
israel-strike-on-damascus-by-december-31,heat_shield_reversal,2025-09-30,0,0.545,-0.5339,2025-10-07,100.0,1000.0,0.01
will-trump-say-transgender-this-week-october-13-19,interference_spike,2025-10-19,1,0.66,-0.5339,2025-10-10,100.0,1000.0,0.01
will-the-gop-use-nuclear-option-to-break-filibuster-by-december-31,cointelpro_metric,2025-12-31,0,0.505,-0.5339,2025-10-30,100.0,1000.0,0.01
will-trump-say-transgender-this-week-november-3-9,interference_spike,2025-11-09,1,0.695,-0.5339,2025-10-31,100.0,1000.0,0.01
gop-uses-nuclear-option-to-break-filibuster-by-march-31-2026,cointelpro_metric,2026-03-31,0,0.5,-0.6442,2025-11-11,100.0,1000.0,0.01
will-a-transgender-women-athlete-compete-at-the-2026-winter-games,interference_spike,2026-02-05,0,0.3,-0.6442,2025-11-11,100.0,1000.0,0.01
transgender-women-be-banned-from-the-olympics-before-winter-games,interference_spike,2026-02-05,0,0.38,-0.6442,2025-11-11,100.0,1000.0,0.01
will-the-us-strike-3-countries-in-2026,heat_shield_reversal,2026-12-31,0,0.185,-0.6442,2025-11-12,100.0,1000.0,0.01
will-the-us-strike-7-countries-in-2026,heat_shield_reversal,2026-12-31,0,0.055,-0.6442,2025-11-12,100.0,1000.0,0.01
will-the-us-strike-6-countries-in-2026,heat_shield_reversal,2026-12-31,0,0.085,-0.6442,2025-11-12,100.0,1000.0,0.01
will-the-us-strike-2-countries-in-2026,heat_shield_reversal,2026-12-31,0,0.235,-0.6442,2025-11-12,100.0,1000.0,0.01
will-the-us-strike-1-country-in-2026,heat_shield_reversal,2026-12-31,0,0.235,-0.6442,2025-11-12,100.0,1000.0,0.01
will-the-us-strike-0-countries-in-2026,heat_shield_reversal,2026-12-31,0,0.175,-0.6442,2025-11-12,100.0,1000.0,0.01
will-trump-say-transgender-this-week-november-17-23,interference_spike,2025-11-23,1,0.625,-0.6442,2025-11-13,100.0,1000.0,0.01
will-trump-say-terminate-the-filibuster-this-week-november-17-23,cointelpro_metric,2025-11-23,0,0.48,-0.6442,2025-11-13,100.0,1000.0,0.01
will-trump-say-transgender-this-week-december-1-7,interference_spike,2025-12-07,1,0.56,-0.6442,2025-11-28,100.0,1000.0,0.01
will-trump-say-border-at-the-fifa-world-cup-draw-on-december-5,cointelpro_metric,2025-12-05,0,0.435,-0.3401,2025-12-04,100.0,1000.0,0.01
will-trump-say-inflation-at-the-fifa-world-cup-draw-on-december-5,heat_shield_reversal,2025-12-05,0,0.17,-0.3401,2025-12-04,100.0,1000.0,0.01
will-trump-say-womens-sports-or-transgender-at-the-fifa-world-cup-draw-on-december-5,interference_spike,2025-12-05,0,0.325,-0.3401,2025-12-04,100.0,1000.0,0.01
israel-strike-on-damascus-by-march-31-2026,heat_shield_reversal,2026-03-31,0,0.5,-0.3401,2025-12-08,100.0,1000.0,0.01
will-jd-vance-say-inflation-at-americafest-events-on-december-21,heat_shield_reversal,2025-12-21,1,0.58,-0.3401,2025-12-12,100.0,1000.0,0.01
will-jd-vance-say-border-or-immigration-5-times-at-americafest-events-on-december-21,cointelpro_metric,2025-12-21,1,0.58,-0.3401,2025-12-12,100.0,1000.0,0.01
will-armenian-national-congress-win-the-most-seats-in-the-2026-armenian-national-assembly-election,cointelpro_metric,2026-06-07,0,0.09,-0.3401,2025-12-15,100.0,1000.0,0.01
will-leavitt-say-supreme-court-during-the-next-white-house-press-briefing-427,cointelpro_metric,2026-01-31,1,0.58,-0.3401,2025-12-18,100.0,1000.0,0.01
will-trump-say-transgender-this-week-december-22-28,interference_spike,2025-12-28,0,0.5,-0.3401,2025-12-19,100.0,1000.0,0.01
will-trump-say-transgender-this-week-december-29-january-4,interference_spike,2026-01-04,0,0.525,-0.3401,2025-12-26,100.0,1000.0,0.01
elon-musk-of-tweets-december-30-january-6-680-699,cointelpro_metric,2026-01-06,0,0.0015,-0.3401,2025-12-27,100.0,1000.0,0.01
elon-musk-of-tweets-december-30-january-6-580-599,cointelpro_metric,2026-01-06,0,0.0015,-0.3401,2025-12-27,100.0,1000.0,0.01
elon-musk-of-tweets-december-30-january-6-640-659,cointelpro_metric,2026-01-06,0,0.0015,-0.3401,2025-12-27,100.0,1000.0,0.01
elon-musk-of-tweets-december-30-january-6-660-679,cointelpro_metric,2026-01-06,0,0.0015,-0.3401,2025-12-27,100.0,1000.0,0.01
elon-musk-of-tweets-december-30-january-6-280-299,cointelpro_metric,2026-01-06,0,0.105,-0.3401,2025-12-27,100.0,1000.0,0.01
elon-musk-of-tweets-december-30-january-6-600-619,cointelpro_metric,2026-01-06,0,0.0015,-0.3401,2025-12-27,100.0,1000.0,0.01
elon-musk-of-tweets-december-30-january-6-520-539,cointelpro_metric,2026-01-06,1,0.0045,-0.3401,2025-12-27,100.0,1000.0,0.01
elon-musk-of-tweets-december-30-january-6-300-319,cointelpro_metric,2026-01-06,0,0.125,-0.3401,2025-12-27,100.0,1000.0,0.01
elon-musk-of-tweets-december-30-january-6-100-119,cointelpro_metric,2026-01-06,0,0.0025,-0.3401,2025-12-27,100.0,1000.0,0.01
elon-musk-of-tweets-december-30-january-6-160-179,cointelpro_metric,2026-01-06,0,0.009,-0.3401,2025-12-27,100.0,1000.0,0.01
elon-musk-of-tweets-december-30-january-6-120-139,cointelpro_metric,2026-01-06,0,0.0055,-0.3401,2025-12-27,100.0,1000.0,0.01
elon-musk-of-tweets-december-30-january-6-180-199,cointelpro_metric,2026-01-06,0,0.017,-0.3401,2025-12-27,100.0,1000.0,0.01
elon-musk-of-tweets-december-30-january-6-140-159,cointelpro_metric,2026-01-06,0,0.0065,-0.3401,2025-12-27,100.0,1000.0,0.01
elon-musk-of-tweets-december-30-january-6-320-339,cointelpro_metric,2026-01-06,0,0.14,-0.3401,2025-12-27,100.0,1000.0,0.01
elon-musk-of-tweets-december-30-january-6-60-79,cointelpro_metric,2026-01-06,0,0.0005,-0.3401,2025-12-27,100.0,1000.0,0.01
elon-musk-of-tweets-december-30-january-6-340-359,cointelpro_metric,2026-01-06,0,0.14,-0.3401,2025-12-27,100.0,1000.0,0.01
elon-musk-of-tweets-december-30-january-6-360-379,cointelpro_metric,2026-01-06,0,0.105,-0.3401,2025-12-27,100.0,1000.0,0.01
elon-musk-of-tweets-december-30-january-6-80-99,cointelpro_metric,2026-01-06,0,0.0005,-0.3401,2025-12-27,100.0,1000.0,0.01
elon-musk-of-tweets-december-30-january-6-40-59,cointelpro_metric,2026-01-06,0,0.0005,-0.3401,2025-12-27,100.0,1000.0,0.01
elon-musk-of-tweets-december-30-january-6-0-19,cointelpro_metric,2026-01-06,0,0.0005,-0.3401,2025-12-27,100.0,1000.0,0.01
elon-musk-of-tweets-december-30-january-6-440-459,cointelpro_metric,2026-01-06,0,0.0165,-0.3401,2025-12-27,100.0,1000.0,0.01
elon-musk-of-tweets-december-30-january-6-400-419,cointelpro_metric,2026-01-06,0,0.0365,-0.3401,2025-12-27,100.0,1000.0,0.01
elon-musk-of-tweets-december-30-january-6-380-399,cointelpro_metric,2026-01-06,0,0.075,-0.3401,2025-12-27,100.0,1000.0,0.01
elon-musk-of-tweets-december-30-january-6-20-39,cointelpro_metric,2026-01-06,0,0.0015,-0.3401,2025-12-27,100.0,1000.0,0.01
elon-musk-of-tweets-december-30-january-6-460-479,cointelpro_metric,2026-01-06,0,0.0105,-0.3401,2025-12-27,100.0,1000.0,0.01
elon-musk-of-tweets-december-30-january-6-260-279,cointelpro_metric,2026-01-06,0,0.09,-0.3401,2025-12-27,100.0,1000.0,0.01
elon-musk-of-tweets-december-30-january-6-240-259,cointelpro_metric,2026-01-06,0,0.055,-0.3401,2025-12-27,100.0,1000.0,0.01
elon-musk-of-tweets-december-30-january-6-200-219,cointelpro_metric,2026-01-06,0,0.023,-0.3401,2025-12-27,100.0,1000.0,0.01
elon-musk-of-tweets-december-30-january-6-740plus,cointelpro_metric,2026-01-06,0,0.0025,-0.3401,2025-12-27,100.0,1000.0,0.01
elon-musk-of-tweets-december-30-january-6-420-439,cointelpro_metric,2026-01-06,0,0.027,-0.3401,2025-12-27,100.0,1000.0,0.01
elon-musk-of-tweets-december-30-january-6-700-719,cointelpro_metric,2026-01-06,0,0.0015,-0.3401,2025-12-27,100.0,1000.0,0.01
elon-musk-of-tweets-december-30-january-6-560-579,cointelpro_metric,2026-01-06,0,0.0025,-0.3401,2025-12-27,100.0,1000.0,0.01
elon-musk-of-tweets-december-30-january-6-220-239,cointelpro_metric,2026-01-06,0,0.031,-0.3401,2025-12-27,100.0,1000.0,0.01
elon-musk-of-tweets-december-30-january-6-540-559,cointelpro_metric,2026-01-06,0,0.0025,-0.3401,2025-12-27,100.0,1000.0,0.01
elon-musk-of-tweets-december-30-january-6-720-739,cointelpro_metric,2026-01-06,0,0.0015,-0.3401,2025-12-27,100.0,1000.0,0.01
elon-musk-of-tweets-december-30-january-6-480-499,cointelpro_metric,2026-01-06,0,0.008,-0.3401,2025-12-27,100.0,1000.0,0.01
elon-musk-of-tweets-december-30-january-6-500-519,cointelpro_metric,2026-01-06,0,0.0065,-0.3401,2025-12-27,100.0,1000.0,0.01
elon-musk-of-tweets-december-30-january-6-620-639,cointelpro_metric,2026-01-06,0,0.0015,-0.3401,2025-12-27,100.0,1000.0,0.01
will-the-price-of-bitcoin-be-between-84000-86000-on-january-6,cointelpro_metric,2026-01-06,0,0.135,-0.3401,2025-12-30,100.0,1000.0,0.01
will-the-price-of-solana-be-between-160-170-on-january-6,cointelpro_metric,2026-01-06,0,0.0165,-0.3401,2025-12-30,100.0,1000.0,0.01
bitcoin-above-80k-on-january-6,cointelpro_metric,2026-01-06,1,0.971,-0.3401,2025-12-30,100.0,1000.0,0.01
will-the-price-of-bitcoin-be-between-80000-82000-on-january-6,cointelpro_metric,2026-01-06,0,0.05,-0.3401,2025-12-30,100.0,1000.0,0.01
bitcoin-above-82k-on-january-6,cointelpro_metric,2026-01-06,1,0.9565,-0.3401,2025-12-30,100.0,1000.0,0.01
bitcoin-above-78k-on-january-6,cointelpro_metric,2026-01-06,1,0.982,-0.3401,2025-12-30,100.0,1000.0,0.01
will-the-price-of-bitcoin-be-between-82000-84000-on-january-6,cointelpro_metric,2026-01-06,0,0.095,-0.3401,2025-12-30,100.0,1000.0,0.01
bitcoin-above-84k-on-january-6,cointelpro_metric,2026-01-06,1,0.87,-0.3401,2025-12-30,100.0,1000.0,0.01
will-the-price-of-solana-be-greater-than-170-on-january-6,cointelpro_metric,2026-01-06,0,0.0165,-0.3401,2025-12-30,100.0,1000.0,0.01
bitcoin-above-86k-on-january-6,cointelpro_metric,2026-01-06,1,0.735,-0.3401,2025-12-30,100.0,1000.0,0.01
will-the-price-of-bitcoin-be-between-86000-88000-on-january-6,cointelpro_metric,2026-01-06,0,0.18,-0.3401,2025-12-30,100.0,1000.0,0.01
ethereum-above-2700-on-january-6,cointelpro_metric,2026-01-06,1,0.925,-0.3401,2025-12-30,100.0,1000.0,0.01
will-the-price-of-solana-be-between-150-160-on-january-6,cointelpro_metric,2026-01-06,0,0.0285,-0.3401,2025-12-30,100.0,1000.0,0.01
will-the-price-of-ethereum-be-between-2800-2900-on-january-6,cointelpro_metric,2026-01-06,0,0.17,-0.3401,2025-12-30,100.0,1000.0,0.01
will-the-price-of-ethereum-be-between-3100-3200-on-january-6,cointelpro_metric,2026-01-06,0,0.135,-0.3401,2025-12-30,100.0,1000.0,0.01
will-the-price-of-ethereum-be-between-2600-2700-on-january-6,cointelpro_metric,2026-01-06,0,0.065,-0.3401,2025-12-30,100.0,1000.0,0.01
will-the-price-of-ethereum-be-between-2500-2600-on-january-6,cointelpro_metric,2026-01-06,0,0.0345,-0.3401,2025-12-30,100.0,1000.0,0.01
will-the-price-of-ethereum-be-less-than-2500-on-january-6,cointelpro_metric,2026-01-06,0,0.0275,-0.3401,2025-12-30,100.0,1000.0,0.01
bitcoin-above-92k-on-january-6,cointelpro_metric,2026-01-06,1,0.22,-0.3401,2025-12-30,100.0,1000.0,0.01
will-the-price-of-bitcoin-be-less-than-80000-on-january-6,cointelpro_metric,2026-01-06,0,0.034,-0.3401,2025-12-30,100.0,1000.0,0.01
bitcoin-above-88k-on-january-6,cointelpro_metric,2026-01-06,1,0.56,-0.3401,2025-12-30,100.0,1000.0,0.01
will-the-price-of-ethereum-be-between-2700-2800-on-january-6,cointelpro_metric,2026-01-06,0,0.125,-0.3401,2025-12-30,100.0,1000.0,0.01
bitcoin-above-96k-on-january-6,cointelpro_metric,2026-01-06,0,0.065,-0.3401,2025-12-30,100.0,1000.0,0.01
bitcoin-above-90k-on-january-6,cointelpro_metric,2026-01-06,1,0.375,-0.3401,2025-12-30,100.0,1000.0,0.01
ethereum-above-3500-on-january-6,cointelpro_metric,2026-01-06,0,0.0295,-0.3401,2025-12-30,100.0,1000.0,0.01
ethereum-above-3000-on-january-6,cointelpro_metric,2026-01-06,1,0.45,-0.3401,2025-12-30,100.0,1000.0,0.01
ethereum-above-3400-on-january-6,cointelpro_metric,2026-01-06,0,0.038,-0.3401,2025-12-30,100.0,1000.0,0.01
ethereum-above-3300-on-january-6,cointelpro_metric,2026-01-06,0,0.075,-0.3401,2025-12-30,100.0,1000.0,0.01
ethereum-above-3100-on-january-6,cointelpro_metric,2026-01-06,1,0.27,-0.3401,2025-12-30,100.0,1000.0,0.01
ethereum-above-3200-on-january-6,cointelpro_metric,2026-01-06,1,0.135,-0.3401,2025-12-30,100.0,1000.0,0.01
ethereum-above-2800-on-january-6,cointelpro_metric,2026-01-06,1,0.815,-0.3401,2025-12-30,100.0,1000.0,0.01
bitcoin-above-98k-on-january-6,cointelpro_metric,2026-01-06,0,0.0305,-0.3401,2025-12-30,100.0,1000.0,0.01
will-the-price-of-bitcoin-be-between-92000-94000-on-january-6,cointelpro_metric,2026-01-06,1,0.125,-0.3401,2025-12-30,100.0,1000.0,0.01
will-the-price-of-ethereum-be-between-2900-3000-on-january-6,cointelpro_metric,2026-01-06,0,0.2,-0.3401,2025-12-30,100.0,1000.0,0.01
will-the-price-of-ethereum-be-greater-than-3400-on-january-6,cointelpro_metric,2026-01-06,0,0.038,-0.3401,2025-12-30,100.0,1000.0,0.01
will-the-price-of-bitcoin-be-between-90000-92000-on-january-6,cointelpro_metric,2026-01-06,0,0.155,-0.3401,2025-12-30,100.0,1000.0,0.01
will-the-price-of-solana-be-between-120-130-on-january-6,cointelpro_metric,2026-01-06,0,0.4,-0.3401,2025-12-30,100.0,1000.0,0.01
will-the-price-of-bitcoin-be-between-88000-90000-on-january-6,cointelpro_metric,2026-01-06,0,0.215,-0.3401,2025-12-30,100.0,1000.0,0.01
will-the-price-of-bitcoin-be-between-94000-96000-on-january-6,cointelpro_metric,2026-01-06,0,0.075,-0.3401,2025-12-30,100.0,1000.0,0.01
will-the-price-of-bitcoin-be-between-96000-98000-on-january-6,cointelpro_metric,2026-01-06,0,0.04,-0.3401,2025-12-30,100.0,1000.0,0.01
will-the-price-of-bitcoin-be-greater-than-98000-on-january-6,cointelpro_metric,2026-01-06,0,0.035,-0.3401,2025-12-30,100.0,1000.0,0.01
ethereum-above-2600-on-january-6,cointelpro_metric,2026-01-06,1,0.9775,-0.3401,2025-12-30,100.0,1000.0,0.01
will-the-price-of-solana-be-between-140-150-on-january-6,cointelpro_metric,2026-01-06,0,0.065,-0.3401,2025-12-30,100.0,1000.0,0.01
will-the-price-of-ethereum-be-between-3000-3100-on-january-6,cointelpro_metric,2026-01-06,0,0.185,-0.3401,2025-12-30,100.0,1000.0,0.01
will-the-price-of-solana-be-between-130-140-on-january-6,cointelpro_metric,2026-01-06,1,0.23,-0.3401,2025-12-30,100.0,1000.0,0.01
will-the-price-of-solana-be-between-80-90-on-january-6,cointelpro_metric,2026-01-06,0,0.016,-0.3401,2025-12-30,100.0,1000.0,0.01
will-the-price-of-solana-be-between-100-110-on-january-6,cointelpro_metric,2026-01-06,0,0.06,-0.3401,2025-12-30,100.0,1000.0,0.01
will-the-price-of-solana-be-between-90-100-on-january-6,cointelpro_metric,2026-01-06,0,0.0175,-0.3401,2025-12-30,100.0,1000.0,0.01
will-the-price-of-solana-be-less-than-80-on-january-6,cointelpro_metric,2026-01-06,0,0.017,-0.3401,2025-12-30,100.0,1000.0,0.01
ethereum-above-2500-on-january-6,cointelpro_metric,2026-01-06,1,0.9815,-0.3401,2025-12-30,100.0,1000.0,0.01
ethereum-above-2900-on-january-6,cointelpro_metric,2026-01-06,1,0.65,-0.3401,2025-12-30,100.0,1000.0,0.01
will-the-price-of-ethereum-be-between-3200-3300-on-january-6,cointelpro_metric,2026-01-06,1,0.095,-0.3401,2025-12-30,100.0,1000.0,0.01
will-the-price-of-ethereum-be-between-3300-3400-on-january-6,cointelpro_metric,2026-01-06,0,0.055,-0.3401,2025-12-30,100.0,1000.0,0.01
will-the-price-of-solana-be-between-110-120-on-january-6,cointelpro_metric,2026-01-06,0,0.255,-0.3401,2025-12-30,100.0,1000.0,0.01
bitcoin-above-94k-on-january-6,cointelpro_metric,2026-01-06,0,0.125,-0.3401,2025-12-30,100.0,1000.0,0.01
will-trump-say-middle-east-during-the-2026-state-of-the-union-address-349,heat_shield_reversal,2026-01-31,0,0.87,0.0691,2026-01-01,100.0,1000.0,0.01
will-trump-say-kamala-or-harris-during-the-2026-state-of-the-union-address-812,heat_shield_reversal,2026-01-31,0,0.55,0.0691,2026-01-01,100.0,1000.0,0.01
will-trump-say-kennedy-or-autism-during-the-2026-state-of-the-union-address-214,heat_shield_reversal,2026-01-31,0,0.48,0.0691,2026-01-01,100.0,1000.0,0.01
will-trump-say-maga-or-make-america-great-again-during-the-2026-state-of-the-union-address-742,heat_shield_reversal,2026-01-31,0,0.715,0.0691,2026-01-01,100.0,1000.0,0.01
will-trump-say-crypto-or-bitcoin-during-the-2026-state-of-the-union-address-556,heat_shield_reversal,2026-01-31,0,0.26,0.0691,2026-01-01,100.0,1000.0,0.01
will-trump-say-gold-card-or-trump-card-during-the-2026-state-of-the-union-address-876,heat_shield_reversal,2026-01-31,0,0.46,0.0691,2026-01-01,100.0,1000.0,0.01
will-trump-say-america-or-american-25-times-during-the-2026-state-of-the-union-address-819,heat_shield_reversal,2026-01-31,1,0.845,0.0691,2026-01-01,100.0,1000.0,0.01
will-trump-say-job-20-times-during-the-2026-state-of-the-union-address-563,heat_shield_reversal,2026-01-31,0,0.345,0.0691,2026-01-01,100.0,1000.0,0.01
will-trump-say-biden-10-times-during-the-2026-state-of-the-union-address-599,heat_shield_reversal,2026-01-31,0,0.38,0.0691,2026-01-01,100.0,1000.0,0.01
will-trump-say-ai-or-artificial-intelligence-2-times-during-the-2026-state-of-the-union-address-624-823,heat_shield_reversal,2026-01-31,1,0.635,0.0691,2026-01-01,100.0,1000.0,0.01
will-trump-say-million-or-billion-or-trillion-15-times-during-the-2026-state-of-the-union-address-296,heat_shield_reversal,2026-01-31,1,0.685,0.0691,2026-01-01,100.0,1000.0,0.01
will-trump-say-israel-or-gaza-during-the-2026-state-of-the-union-address-833,heat_shield_reversal,2026-01-31,1,0.695,0.0691,2026-01-01,100.0,1000.0,0.01
will-trump-say-hottest-during-the-2026-state-of-the-union-address-491,heat_shield_reversal,2026-01-31,1,0.81,0.0691,2026-01-01,100.0,1000.0,0.01
will-trump-say-border-7-times-during-the-2026-state-of-the-union-address-135,heat_shield_reversal,2026-01-31,1,0.635,0.0691,2026-01-01,100.0,1000.0,0.01
will-trump-say-black-or-hispanic-during-the-2026-state-of-the-union-address-716,heat_shield_reversal,2026-01-31,0,0.585,0.0691,2026-01-01,100.0,1000.0,0.01
will-trump-say-transgender-this-week-january-11,interference_spike,2026-01-11,1,0.535,0.0691,2026-01-02,100.0,1000.0,0.01
will-trump-say-inflation-this-week-january-11,heat_shield_reversal,2026-01-11,1,0.79,0.0691,2026-01-02,100.0,1000.0,0.01
elon-musk-of-tweets-january-6-january-13-0-19,cointelpro_metric,2026-01-13,0,0.0005,0.0691,2026-01-03,100.0,1000.0,0.01
elon-musk-of-tweets-january-6-january-13-180-199,cointelpro_metric,2026-01-13,0,0.0315,0.0691,2026-01-03,100.0,1000.0,0.01
elon-musk-of-tweets-january-6-january-13-120-139,cointelpro_metric,2026-01-13,0,0.0015,0.0691,2026-01-03,100.0,1000.0,0.01
elon-musk-of-tweets-january-6-january-13-160-179,cointelpro_metric,2026-01-13,0,0.004,0.0691,2026-01-03,100.0,1000.0,0.01
elon-musk-of-tweets-january-6-january-13-100-119,cointelpro_metric,2026-01-13,0,0.0015,0.0691,2026-01-03,100.0,1000.0,0.01
elon-musk-of-tweets-january-6-january-13-240-259,cointelpro_metric,2026-01-13,0,0.0175,0.0691,2026-01-03,100.0,1000.0,0.01
elon-musk-of-tweets-january-6-january-13-200-219,cointelpro_metric,2026-01-13,0,0.012,0.0691,2026-01-03,100.0,1000.0,0.01
elon-musk-of-tweets-january-6-january-13-260-279,cointelpro_metric,2026-01-13,0,0.0265,0.0691,2026-01-03,100.0,1000.0,0.01
elon-musk-of-tweets-january-6-january-13-140-159,cointelpro_metric,2026-01-13,0,0.0015,0.0691,2026-01-03,100.0,1000.0,0.01
elon-musk-of-tweets-january-6-january-13-60-79,cointelpro_metric,2026-01-13,0,0.0005,0.0691,2026-01-03,100.0,1000.0,0.01
elon-musk-of-tweets-january-6-january-13-580plus,cointelpro_metric,2026-01-13,0,0.071,0.0691,2026-01-03,100.0,1000.0,0.01
elon-musk-of-tweets-january-6-january-13-280-299,cointelpro_metric,2026-01-13,0,0.026,0.0691,2026-01-03,100.0,1000.0,0.01
elon-musk-of-tweets-january-6-january-13-520-539,cointelpro_metric,2026-01-13,0,0.055,0.0691,2026-01-03,100.0,1000.0,0.01
elon-musk-of-tweets-january-6-january-13-500-519,cointelpro_metric,2026-01-13,0,0.065,0.0691,2026-01-03,100.0,1000.0,0.01
elon-musk-of-tweets-january-6-january-13-480-499,cointelpro_metric,2026-01-13,0,0.075,0.0691,2026-01-03,100.0,1000.0,0.01
elon-musk-of-tweets-january-6-january-13-540-559,cointelpro_metric,2026-01-13,1,0.043,0.0691,2026-01-03,100.0,1000.0,0.01
elon-musk-of-tweets-january-6-january-13-440-459,cointelpro_metric,2026-01-13,0,0.085,0.0691,2026-01-03,100.0,1000.0,0.01
elon-musk-of-tweets-january-6-january-13-420-439,cointelpro_metric,2026-01-13,0,0.095,0.0691,2026-01-03,100.0,1000.0,0.01
elon-musk-of-tweets-january-6-january-13-400-419,cointelpro_metric,2026-01-13,0,0.075,0.0691,2026-01-03,100.0,1000.0,0.01
elon-musk-of-tweets-january-6-january-13-460-479,cointelpro_metric,2026-01-13,0,0.085,0.0691,2026-01-03,100.0,1000.0,0.01
elon-musk-of-tweets-january-6-january-13-380-399,cointelpro_metric,2026-01-13,0,0.075,0.0691,2026-01-03,100.0,1000.0,0.01
elon-musk-of-tweets-january-6-january-13-560-579,cointelpro_metric,2026-01-13,0,0.043,0.0691,2026-01-03,100.0,1000.0,0.01
elon-musk-of-tweets-january-6-january-13-320-339,cointelpro_metric,2026-01-13,0,0.0495,0.0691,2026-01-03,100.0,1000.0,0.01
elon-musk-of-tweets-january-6-january-13-220-239,cointelpro_metric,2026-01-13,0,0.0165,0.0691,2026-01-03,100.0,1000.0,0.01
elon-musk-of-tweets-january-6-january-13-360-379,cointelpro_metric,2026-01-13,0,0.065,0.0691,2026-01-03,100.0,1000.0,0.01
elon-musk-of-tweets-january-6-january-13-40-59,cointelpro_metric,2026-01-13,0,0.0005,0.0691,2026-01-03,100.0,1000.0,0.01
elon-musk-of-tweets-january-6-january-13-340-359,cointelpro_metric,2026-01-13,0,0.049,0.0691,2026-01-03,100.0,1000.0,0.01
elon-musk-of-tweets-january-6-january-13-300-319,cointelpro_metric,2026-01-13,0,0.039,0.0691,2026-01-03,100.0,1000.0,0.01
elon-musk-of-tweets-january-6-january-13-80-99,cointelpro_metric,2026-01-13,0,0.0015,0.0691,2026-01-03,100.0,1000.0,0.01
elon-musk-of-tweets-january-6-january-13-20-39,cointelpro_metric,2026-01-13,0,0.0005,0.0691,2026-01-03,100.0,1000.0,0.01
bitcoin-up-or-down-on-january-6,cointelpro_metric,2026-01-06,0,0.505,0.0691,2026-01-04,100.0,1000.0,0.01
bitcoin-up-or-down-january-6-11am-et,cointelpro_metric,2026-01-06,0,0.5,0.0691,2026-01-04,100.0,1000.0,0.01
bitcoin-up-or-down-january-6-9am-et,cointelpro_metric,2026-01-06,1,0.5,0.0691,2026-01-04,100.0,1000.0,0.01
bitcoin-up-or-down-january-6-2pm-et,cointelpro_metric,2026-01-06,1,0.5,0.0691,2026-01-04,100.0,1000.0,0.01
highest-temperature-in-nyc-on-january-6-44-45f,cointelpro_metric,2026-01-06,0,0.0225,0.0691,2026-01-04,100.0,1000.0,0.01
solana-up-or-down-january-6-9am-et,cointelpro_metric,2026-01-06,1,0.5,0.0691,2026-01-04,100.0,1000.0,0.01
highest-temperature-in-nyc-on-january-6-40-41f,cointelpro_metric,2026-01-06,0,0.555,0.0691,2026-01-04,100.0,1000.0,0.01
highest-temperature-in-nyc-on-january-6-46forhigher,cointelpro_metric,2026-01-06,0,0.0195,0.0691,2026-01-04,100.0,1000.0,0.01
highest-temperature-in-nyc-on-january-6-38-39f,cointelpro_metric,2026-01-06,1,0.27,0.0691,2026-01-04,100.0,1000.0,0.01
highest-temperature-in-nyc-on-january-6-36-37f,cointelpro_metric,2026-01-06,0,0.019,0.0691,2026-01-04,100.0,1000.0,0.01
highest-temperature-in-nyc-on-january-6-35forbelow,cointelpro_metric,2026-01-06,0,0.005,0.0691,2026-01-04,100.0,1000.0,0.01
highest-temperature-in-nyc-on-january-6-42-43f,cointelpro_metric,2026-01-06,0,0.305,0.0691,2026-01-04,100.0,1000.0,0.01
btc-updown-15m-1767737700,cointelpro_metric,2026-01-06,1,0.5,0.0691,2026-01-05,100.0,1000.0,0.01
btc-updown-15m-1767706200,cointelpro_metric,2026-01-06,0,0.5,0.0691,2026-01-05,100.0,1000.0,0.01
btc-updown-15m-1767721500,cointelpro_metric,2026-01-06,0,0.5,0.0691,2026-01-05,100.0,1000.0,0.01
btc-updown-15m-1767692700,cointelpro_metric,2026-01-06,1,0.505,0.0691,2026-01-05,100.0,1000.0,0.01
btc-updown-15m-1767685500,cointelpro_metric,2026-01-06,0,0.495,0.0691,2026-01-05,100.0,1000.0,0.01
btc-updown-15m-1767742200,cointelpro_metric,2026-01-06,1,0.5,0.0691,2026-01-05,100.0,1000.0,0.01
btc-updown-15m-1767726000,cointelpro_metric,2026-01-06,1,0.5,0.0691,2026-01-05,100.0,1000.0,0.01
btc-updown-15m-1767687300,cointelpro_metric,2026-01-06,0,0.505,0.0691,2026-01-05,100.0,1000.0,0.01
btc-updown-15m-1767694500,cointelpro_metric,2026-01-06,0,0.495,0.0691,2026-01-05,100.0,1000.0,0.01
btc-updown-15m-1767718800,cointelpro_metric,2026-01-06,0,0.5,0.0691,2026-01-05,100.0,1000.0,0.01
btc-updown-15m-1767723300,cointelpro_metric,2026-01-06,1,0.5,0.0691,2026-01-05,100.0,1000.0,0.01
btc-updown-15m-1767724200,cointelpro_metric,2026-01-06,0,0.5,0.0691,2026-01-05,100.0,1000.0,0.01
btc-updown-15m-1767719700,cointelpro_metric,2026-01-06,0,0.5,0.0691,2026-01-05,100.0,1000.0,0.01
btc-updown-15m-1767720600,cointelpro_metric,2026-01-06,0,0.5,0.0691,2026-01-05,100.0,1000.0,0.01
btc-updown-15m-1767733200,cointelpro_metric,2026-01-06,1,0.5,0.0691,2026-01-05,100.0,1000.0,0.01
btc-updown-15m-1767735000,cointelpro_metric,2026-01-06,1,0.5,0.0691,2026-01-05,100.0,1000.0,0.01
btc-updown-15m-1767726900,cointelpro_metric,2026-01-06,1,0.5,0.0691,2026-01-05,100.0,1000.0,0.01
btc-updown-15m-1767741300,cointelpro_metric,2026-01-06,1,0.5,0.0691,2026-01-05,100.0,1000.0,0.01
btc-updown-15m-1767689100,cointelpro_metric,2026-01-06,0,0.495,0.0691,2026-01-05,100.0,1000.0,0.01
btc-updown-15m-1767722400,cointelpro_metric,2026-01-06,1,0.5,0.0691,2026-01-05,100.0,1000.0,0.01
bitcoin-up-or-down-january-6-10pm-et,cointelpro_metric,2026-01-07,0,0.505,0.0691,2026-01-05,100.0,1000.0,0.01
btc-updown-15m-1767688200,cointelpro_metric,2026-01-06,0,0.495,0.0691,2026-01-05,100.0,1000.0,0.01
btc-updown-15m-1767736800,cointelpro_metric,2026-01-06,0,0.5,0.0691,2026-01-05,100.0,1000.0,0.01
israel-strike-on-yemen-by-march-31-2026,heat_shield_reversal,2026-03-31,0,0.425,0.0691,2026-01-06,100.0,1000.0,0.01
btc-updown-15m-1767758400,cointelpro_metric,2026-01-07,0,0.505,0.0691,2026-01-06,100.0,1000.0,0.01
btc-updown-15m-1767749400,cointelpro_metric,2026-01-07,0,0.495,0.0691,2026-01-06,100.0,1000.0,0.01
will-trump-say-transgender-this-week-january-18,interference_spike,2026-01-18,1,0.71,0.0691,2026-01-08,100.0,1000.0,0.01
will-the-supreme-court-rule-on-trumps-tarriffs-by-january-31,cointelpro_metric,2026-01-31,0,0.72,0.0691,2026-01-09,100.0,1000.0,0.01
will-the-supreme-court-rule-on-trumps-tarriffs-by-january-14,cointelpro_metric,2026-01-31,0,0.365,0.0691,2026-01-09,100.0,1000.0,0.01
will-trump-say-transgender-this-week-january-25,interference_spike,2026-01-25,1,0.675,0.0691,2026-01-16,100.0,1000.0,0.01
will-the-supreme-court-rule-on-trumps-tarriffs-by-february-20,cointelpro_metric,2026-02-20,1,0.485,0.0691,2026-01-20,100.0,1000.0,0.01
will-trump-say-supreme-court-during-cnbc-interview,cointelpro_metric,2026-01-21,0,0.1015,0.0691,2026-01-21,100.0,1000.0,0.01
will-jd-vance-say-abortion-clinic-during-the-march-for-life,cointelpro_metric,2026-01-23,0,0.37,0.0691,2026-01-22,100.0,1000.0,0.01
will-trump-say-filibuster-in-february,cointelpro_metric,2026-02-28,1,0.49,0.0691,2026-01-27,100.0,1000.0,0.01
will-trump-say-transgender-this-week-february-8,interference_spike,2026-02-08,1,0.605,0.0691,2026-01-30,100.0,1000.0,0.01
will-trump-say-transgender-this-week-february-15,interference_spike,2026-02-15,0,0.59,0.0691,2026-02-06,100.0,1000.0,0.01
will-congress-be-said-on-the-first-joe-rogan-experience-episode-of-the-week-february-22,cointelpro_metric,2026-02-22,0,0.5,0.0691,2026-02-13,100.0,1000.0,0.01
will-leavitt-say-supreme-court-during-the-next-white-house-press-briefing-558,cointelpro_metric,2026-02-20,0,0.365,0.0691,2026-02-13,100.0,1000.0,0.01
will-leavitt-say-border-or-ice-5-times-during-the-next-white-house-press-briefing,cointelpro_metric,2026-02-20,1,0.475,0.0691,2026-02-13,100.0,1000.0,0.01
will-leavitt-say-dei-or-transgender-during-the-next-white-house-press-briefing,interference_spike,2026-02-20,0,0.49,0.0691,2026-02-13,100.0,1000.0,0.01
will-the-supreme-court-rule-on-trumps-tarriffs-by-february-25,cointelpro_metric,2026-02-25,1,0.45,0.0691,2026-02-16,100.0,1000.0,0.01
will-the-supreme-court-rule-on-trumps-tarriffs-by-march-31,cointelpro_metric,2026-02-25,1,0.765,0.0691,2026-02-16,100.0,1000.0,0.01
will-john-oliver-say-congress-on-last-week-tonight,cointelpro_metric,2026-02-22,0,0.65,0.0691,2026-02-16,100.0,1000.0,0.01
will-trump-say-mr-speaker-during-the-2026-state-of-the-union-address-379,heat_shield_reversal,2026-01-31,0,0.5,0.0691,2026-02-17,100.0,1000.0,0.01
will-trump-say-iq-during-the-2026-state-of-the-union-address,heat_shield_reversal,2026-01-31,0,0.5,0.0691,2026-02-17,100.0,1000.0,0.01
will-trump-say-steroid-during-the-2026-state-of-the-union-address,heat_shield_reversal,2026-01-31,0,0.5,0.0691,2026-02-17,100.0,1000.0,0.01
will-trump-say-epstein-during-the-2026-state-of-the-union-address-269,heat_shield_reversal,2026-01-31,0,0.145,0.0691,2026-02-17,100.0,1000.0,0.01
will-trump-say-egg-during-the-2026-state-of-the-union-address-216,heat_shield_reversal,2026-01-31,1,0.625,0.0691,2026-02-17,100.0,1000.0,0.01
will-trump-say-oil-or-gas-3-times-during-the-2026-state-of-the-union-address-253-922,heat_shield_reversal,2026-01-31,1,0.5,0.0691,2026-02-17,100.0,1000.0,0.01
will-trump-say-scam-or-hoax-during-the-2026-state-of-the-union-address,heat_shield_reversal,2026-01-31,1,0.735,0.0691,2026-02-17,100.0,1000.0,0.01
will-trump-say-too-late-during-the-2026-state-of-the-union-address,heat_shield_reversal,2026-01-31,0,0.465,0.0691,2026-02-17,100.0,1000.0,0.01
will-trump-say-coal-during-the-2026-state-of-the-union-address,heat_shield_reversal,2026-01-31,0,0.5,0.0691,2026-02-17,100.0,1000.0,0.01
will-trump-say-cookie-during-the-2026-state-of-the-union-address,heat_shield_reversal,2026-01-31,0,0.5,0.0691,2026-02-17,100.0,1000.0,0.01
will-trump-say-no-no-no-during-the-2026-state-of-the-union-address,heat_shield_reversal,2026-01-31,1,0.5,0.0691,2026-02-17,100.0,1000.0,0.01
will-trump-say-peanut-during-the-2026-state-of-the-union-address,heat_shield_reversal,2026-01-31,0,0.5,0.0691,2026-02-17,100.0,1000.0,0.01
will-trump-say-nobel-or-peace-prize-during-the-2026-state-of-the-union-address,heat_shield_reversal,2026-01-31,1,0.5,0.0691,2026-02-17,100.0,1000.0,0.01
will-trump-say-six-seven-during-the-2026-state-of-the-union-address,heat_shield_reversal,2026-01-31,0,0.5,0.0691,2026-02-17,100.0,1000.0,0.01
will-trump-say-the-state-of-the-union-is-strong-during-the-2026-state-of-the-union-address-924,heat_shield_reversal,2026-01-31,0,0.5,0.0691,2026-02-17,100.0,1000.0,0.01
will-trump-say-transgender-this-week-march-1,interference_spike,2026-03-01,1,0.55,0.0691,2026-02-20,100.0,1000.0,0.01
will-trump-say-nuclear-during-the-2026-state-of-the-union-address,heat_shield_reversal,2026-01-31,1,0.86,0.0691,2026-02-23,100.0,1000.0,0.01
will-trump-say-autopen-or-auto-pen-during-the-2026-state-of-the-union-address,heat_shield_reversal,2026-01-31,0,0.485,0.0691,2026-02-23,100.0,1000.0,0.01
will-trump-say-fentanyl-or-cocaine-during-the-2026-state-of-the-union-address,heat_shield_reversal,2026-01-31,1,0.85,0.0691,2026-02-23,100.0,1000.0,0.01
will-trump-say-supreme-court-during-the-2026-state-of-the-union-address,heat_shield_reversal,2026-01-31,1,0.76,0.0691,2026-02-23,100.0,1000.0,0.01
will-trump-say-drill-baby-drill-during-the-2026-state-of-the-union-address,heat_shield_reversal,2026-01-31,1,0.43,0.0691,2026-02-23,100.0,1000.0,0.01
will-trump-say-alien-during-the-2026-state-of-the-union-address,heat_shield_reversal,2026-01-31,1,0.835,0.0691,2026-02-23,100.0,1000.0,0.01
will-trump-say-eli-lilly-during-the-2026-state-of-the-union-address,heat_shield_reversal,2026-01-31,0,0.43,0.0691,2026-02-23,100.0,1000.0,0.01
will-trump-say-ufc-during-the-2026-state-of-the-union-address,heat_shield_reversal,2026-01-31,0,0.39,0.0691,2026-02-23,100.0,1000.0,0.01
will-trump-say-hockey-during-the-2026-state-of-the-union-address,heat_shield_reversal,2026-01-31,1,0.84,0.0691,2026-02-23,100.0,1000.0,0.01
will-trump-say-fake-news-during-the-2026-state-of-the-union-address,heat_shield_reversal,2026-01-31,0,0.355,0.0691,2026-02-23,100.0,1000.0,0.01
will-trump-say-olympic-or-olympics-during-the-2026-state-of-the-union-address,heat_shield_reversal,2026-01-31,1,0.865,0.0691,2026-02-23,100.0,1000.0,0.01
will-supreme-court-be-said-during-the-next-episode-of-the-all-in-podcast-756,cointelpro_metric,2026-02-27,1,0.65,0.0691,2026-02-24,100.0,1000.0,0.01
will-trump-say-miracle-during-the-2026-state-of-the-union-address,heat_shield_reversal,2026-01-31,1,0.595,0.0691,2026-02-24,100.0,1000.0,0.01
will-trump-say-capital-of-the-world-during-the-2026-state-of-the-union-address,heat_shield_reversal,2026-01-31,0,0.425,0.0691,2026-02-24,100.0,1000.0,0.01
will-trump-say-america-or-american-50-times-during-the-2026-state-of-the-union-address-966,heat_shield_reversal,2026-01-31,1,0.855,0.0691,2026-02-24,100.0,1000.0,0.01
will-trump-say-ice-or-border-patrol-during-meetings-with-chancellor-merz,cointelpro_metric,2026-03-03,0,0.5,0.0691,2026-02-27,100.0,1000.0,0.01
will-trump-say-european-union-or-eu-during-meetings-with-chancellor-merz,heat_shield_reversal,2026-03-03,1,0.68,0.0691,2026-02-27,100.0,1000.0,0.01
will-trump-say-supreme-court-during-meetings-with-chancellor-merz,cointelpro_metric,2026-03-03,1,0.5,0.0691,2026-02-27,100.0,1000.0,0.01
aliensgov-confirmed-as-immigration-website,cointelpro_metric,2026-12-31,1,0.17,0.0691,2026-03-18,100.0,1000.0,0.01
israel-strike-on-yemen-by-may-31-2026-588-747-911,heat_shield_reversal,2026-05-31,0,0.495,0.0691,2026-03-18,100.0,1000.0,0.01
israel-strike-on-yemen-by-april-30-2026-212-911,heat_shield_reversal,2026-04-30,0,0.455,0.0691,2026-03-18,100.0,1000.0,0.01
will-iran-strike-yemen-by-april-30-2026,heat_shield_reversal,2026-04-30,0,0.405,0.0691,2026-03-24,100.0,1000.0,0.01
will-iran-strike-turkey-by-april-30-2026,heat_shield_reversal,2026-04-30,0,0.37,0.0691,2026-03-24,100.0,1000.0,0.01
will-iran-strike-iraq-by-april-30-2026,heat_shield_reversal,2026-04-30,1,0.45,0.0691,2026-03-24,100.0,1000.0,0.01
will-iran-strike-cyprus-by-april-30-2026,heat_shield_reversal,2026-04-30,0,0.25,0.0691,2026-03-24,100.0,1000.0,0.01
will-iran-strike-pakistan-by-april-30-2026,heat_shield_reversal,2026-04-30,0,0.35,0.0691,2026-03-24,100.0,1000.0,0.01
will-iran-strike-spain-by-april-30-2026,heat_shield_reversal,2026-04-30,0,0.255,0.0691,2026-03-24,100.0,1000.0,0.01
will-iran-strike-syria-by-april-30-2026,heat_shield_reversal,2026-04-30,0,0.41,0.0691,2026-03-24,100.0,1000.0,0.01
will-iran-strike-lebanon-by-april-30-2026,heat_shield_reversal,2026-04-30,0,0.47,0.0691,2026-03-24,100.0,1000.0,0.01
will-iran-strike-india-by-april-30-2026,heat_shield_reversal,2026-04-30,0,0.255,0.0691,2026-03-24,100.0,1000.0,0.01
will-iran-strike-france-by-april-30-2026,heat_shield_reversal,2026-04-30,0,0.255,0.0691,2026-03-24,100.0,1000.0,0.01
will-iran-strike-poland-by-april-30-2026,heat_shield_reversal,2026-04-30,0,0.205,0.0691,2026-03-24,100.0,1000.0,0.01
will-iran-strike-italy-by-april-30-2026,heat_shield_reversal,2026-04-30,0,0.255,0.0691,2026-03-24,100.0,1000.0,0.01
will-iran-strike-oman-by-april-30-2026,heat_shield_reversal,2026-04-30,0,0.4,0.0691,2026-03-24,100.0,1000.0,0.01
will-iran-strike-georgia-by-april-30-2026,heat_shield_reversal,2026-04-30,0,0.4,0.0691,2026-03-24,100.0,1000.0,0.01
will-iran-strike-afghanistan-by-april-30-2026,heat_shield_reversal,2026-04-30,0,0.38,0.0691,2026-03-24,100.0,1000.0,0.01
will-iran-strike-azerbaijan-by-april-30-2026,heat_shield_reversal,2026-04-30,0,0.38,0.0691,2026-03-24,100.0,1000.0,0.01
will-iran-strike-qatar-by-april-30-2026,heat_shield_reversal,2026-04-30,0,0.71,0.0691,2026-03-24,100.0,1000.0,0.01
will-iran-strike-germany-by-april-30-2026,heat_shield_reversal,2026-04-30,0,0.255,0.0691,2026-03-24,100.0,1000.0,0.01
will-iran-strike-kuwait-by-april-30-2026,heat_shield_reversal,2026-04-30,1,0.465,0.0691,2026-03-24,100.0,1000.0,0.01
will-iran-strike-uae-by-april-30-2026,heat_shield_reversal,2026-04-30,1,0.89,0.0691,2026-03-24,100.0,1000.0,0.01
will-iran-strike-bahrain-by-april-30-2026,heat_shield_reversal,2026-04-30,1,0.765,0.0691,2026-03-24,100.0,1000.0,0.01
will-iran-strike-saudi-arabia-by-april-30-2026,heat_shield_reversal,2026-04-30,1,0.665,0.0691,2026-03-24,100.0,1000.0,0.01
will-iran-strike-israel-by-april-30-2026,heat_shield_reversal,2026-04-30,1,0.9625,0.0691,2026-03-24,100.0,1000.0,0.01
will-iran-strike-jordan-by-april-30-2026,heat_shield_reversal,2026-04-30,1,0.455,0.0691,2026-03-24,100.0,1000.0,0.01
will-iran-strike-the-united-kingdom-by-april-30-2026,heat_shield_reversal,2026-04-30,0,0.35,0.0691,2026-03-24,100.0,1000.0,0.01
will-iran-strike-ukraine-by-april-30-2026,heat_shield_reversal,2026-04-30,0,0.355,0.0691,2026-03-24,100.0,1000.0,0.01
will-iran-strike-armenia-by-april-30-2026,heat_shield_reversal,2026-04-30,0,0.255,0.0691,2026-03-24,100.0,1000.0,0.01
will-iran-strike-hungary-by-april-30-2026,heat_shield_reversal,2026-04-30,0,0.255,0.0691,2026-03-24,100.0,1000.0,0.01
will-trump-say-transgender-during-cabinet-meeting-on-march-26,interference_spike,2026-03-26,0,0.515,0.0691,2026-03-25,100.0,1000.0,0.01
will-trump-say-supreme-court-during-the-fii-priority-summit,cointelpro_metric,2026-03-27,0,0.35,0.0691,2026-03-26,100.0,1000.0,0.01
will-trump-say-filibuster-this-week-april-5,cointelpro_metric,2026-04-05,1,0.525,0.0691,2026-03-27,100.0,1000.0,0.01
will-trump-post-filibuster-on-truth-social-this-week-933,cointelpro_metric,2026-04-12,0,0.485,0.0691,2026-04-03,100.0,1000.0,0.01
will-trump-say-immigration-or-immigrant-during-king-charles-visit,cointelpro_metric,2026-04-30,0,0.42,0.0691,2026-04-06,100.0,1000.0,0.01
will-iran-strike-kuwait-by-april-30-2026-747,heat_shield_reversal,2026-04-30,1,0.71,0.0691,2026-04-07,100.0,1000.0,0.01
will-iran-strike-bahrain-by-april-30-2026-553,heat_shield_reversal,2026-04-30,0,0.575,0.0691,2026-04-07,100.0,1000.0,0.01
will-iran-strike-saudi-arabia-by-april-30-2026-554,heat_shield_reversal,2026-04-30,1,0.71,0.0691,2026-04-07,100.0,1000.0,0.01
will-iran-strike-jordan-by-april-30-2026-585,heat_shield_reversal,2026-04-30,0,0.555,0.0691,2026-04-07,100.0,1000.0,0.01
will-mark-rutte-say-immigration-during-meeting-with-prime-minister-of-czechia,cointelpro_metric,2026-04-16,0,0.5,0.0691,2026-04-15,100.0,1000.0,0.01
will-trump-say-transgender-this-week-april-20-26,interference_spike,2026-04-26,1,0.45,0.0691,2026-04-17,100.0,1000.0,0.01
will-trump-say-terminate-the-filibuster-in-may,cointelpro_metric,2026-05-31,1,0.45,0.0691,2026-04-27,100.0,1000.0,0.01
will-trump-say-transgender-at-the-villages-on-may-1,interference_spike,2026-05-01,1,0.445,0.0691,2026-04-30,100.0,1000.0,0.01
will-jd-vance-say-abortion-in-des-moines,cointelpro_metric,2026-05-05,0,0.17,0.0691,2026-05-04,100.0,1000.0,0.01
will-trump-say-transgender-during-events-with-xi-jinping,interference_spike,2026-05-15,0,0.39,0.0691,2026-05-04,100.0,1000.0,0.01
will-macroeconomy-be-said-during-the-next-episode-of-the-all-in-podcast-441,cointelpro_metric,2026-05-15,0,0.255,0.0691,2026-05-11,100.0,1000.0,0.01
will-trump-say-supreme-court-during-coast-guard-event-682-597,cointelpro_metric,2026-05-20,0,0.165,0.0691,2026-05-18,100.0,1000.0,0.01
will-trump-say-transgender-during-coast-guard-event-625-916,interference_spike,2026-05-20,0,0.185,0.0691,2026-05-18,100.0,1000.0,0.01
will-the-long-island-rail-road-strike-end-by-may-19-2026,heat_shield_reversal,2026-05-31,1,0.5,0.0691,2026-05-18,100.0,1000.0,0.01
will-the-long-island-rail-road-strike-end-by-may-24-2026,heat_shield_reversal,2026-05-31,1,0.5,0.0691,2026-05-18,100.0,1000.0,0.01
will-the-long-island-rail-road-strike-end-by-may-21-2026,heat_shield_reversal,2026-05-31,1,0.49,0.0691,2026-05-18,100.0,1000.0,0.01
will-the-long-island-rail-road-strike-end-by-may-20-2026,heat_shield_reversal,2026-05-31,1,0.51,0.0691,2026-05-18,100.0,1000.0,0.01
will-the-long-island-rail-road-strike-end-by-may-22-2026,heat_shield_reversal,2026-05-31,1,0.5,0.0691,2026-05-18,100.0,1000.0,0.01
will-the-long-island-rail-road-strike-end-by-may-31-2026,heat_shield_reversal,2026-05-31,1,0.525,0.0691,2026-05-18,100.0,1000.0,0.01
will-the-long-island-rail-road-strike-end-by-may-23-2026,heat_shield_reversal,2026-05-31,1,0.5,0.0691,2026-05-18,100.0,1000.0,0.01
will-trump-say-transgender-during-events-in-rockland-county,interference_spike,2026-05-22,1,0.5,0.0691,2026-05-20,100.0,1000.0,0.01
will-trump-say-border-5-times-during-events-in-rockland-county,cointelpro_metric,2026-05-22,1,0.49,0.0691,2026-05-20,100.0,1000.0,0.01
will-bernie-say-immigrant-or-immigration-in-maine,cointelpro_metric,2026-05-24,0,0.33,0.0691,2026-05-20,100.0,1000.0,0.01
will-european-union-be-said-during-the-next-episode-of-the-all-in-podcast-445-657,heat_shield_reversal,2026-05-29,0,0.51,0.0691,2026-05-26,100.0,1000.0,0.01
will-starmer-say-european-union-during-the-next-prime-ministers-questions-event-20260602155554504,heat_shield_reversal,2026-06-05,0,0.575,0.0691,2026-06-02,100.0,1000.0,0.01
will-starmer-say-european-union-during-the-next-prime-ministers-questions-event-20260604160137143,heat_shield_reversal,2026-06-11,0,0.605,0.0691,2026-06-05,100.0,1000.0,0.01
cs2-sashi-hs2-2026-06-16,heat_shield_reversal,2026-06-16,1,0.745,0.0691,2026-06-13,100.0,1000.0,0.01
cs2-sashi-hs2-2026-06-16-game2,heat_shield_reversal,2026-06-16,0,0.51,0.0691,2026-06-13,100.0,1000.0,0.01
cs2-sashi-hs2-2026-06-16-game1,heat_shield_reversal,2026-06-16,1,0.61,0.0691,2026-06-13,100.0,1000.0,0.01
cs2-bb3-fut-2026-06-15-game2,heat_shield_reversal,2026-06-15,1,0.505,0.0691,2026-06-14,100.0,1000.0,0.01
cs2-navi-g2-2026-06-15,heat_shield_reversal,2026-06-15,0,0.655,0.0691,2026-06-14,100.0,1000.0,0.01
cs2-bb3-fut-2026-06-15-game1,heat_shield_reversal,2026-06-15,1,0.44,0.0691,2026-06-14,100.0,1000.0,0.01
cs2-bb3-fut-2026-06-15,heat_shield_reversal,2026-06-15,1,0.455,0.0691,2026-06-14,100.0,1000.0,0.01
cs2-9z-mglz-2026-06-15-game2,heat_shield_reversal,2026-06-15,1,0.455,0.0691,2026-06-14,100.0,1000.0,0.01
cs2-9z-mglz-2026-06-15-game1,heat_shield_reversal,2026-06-15,1,0.39,0.0691,2026-06-14,100.0,1000.0,0.01
cs2-navi-g2-2026-06-15-game2,heat_shield_reversal,2026-06-15,0,0.655,0.0691,2026-06-14,100.0,1000.0,0.01
cs2-9z-mglz-2026-06-15,heat_shield_reversal,2026-06-15,1,0.395,0.0691,2026-06-14,100.0,1000.0,0.01
cs2-navi-g2-2026-06-15-game1,heat_shield_reversal,2026-06-15,1,0.585,0.0691,2026-06-14,100.0,1000.0,0.01
cs2-hotu-tdk-2026-06-16-game2,heat_shield_reversal,2026-06-16,0,0.445,0.0691,2026-06-15,100.0,1000.0,0.01
cs2-hotu-tdk-2026-06-16,heat_shield_reversal,2026-06-16,0,0.38,0.0691,2026-06-15,100.0,1000.0,0.01
cs2-ill-ruby1-2026-06-16-game1,heat_shield_reversal,2026-06-16,0,0.475,0.0691,2026-06-15,100.0,1000.0,0.01
cs2-hotu-tdk-2026-06-16-game1,heat_shield_reversal,2026-06-16,0,0.42,0.0691,2026-06-15,100.0,1000.0,0.01
cs2-m8-ntr-2026-06-16-game1,heat_shield_reversal,2026-06-16,0,0.5,0.0691,2026-06-15,100.0,1000.0,0.01
