race,gender,parent_quintile,child_quintile,source_file,source_row_key,source_column,source_value,raw_row_sum,fitted_probability,transformation
Black,P,1,1,data/raw/oi_table_2.csv,kid_race=Black;gender=P,kfr_q1_cond_par_q1,0.3733,0.9999,0.373337333733,divide by raw parent-row sum (rounding correction only)
Black,P,1,2,data/raw/oi_table_2.csv,kid_race=Black;gender=P,kfr_q2_cond_par_q1,0.3802,0.9999,0.380238023802,divide by raw parent-row sum (rounding correction only)
Black,P,1,3,data/raw/oi_table_2.csv,kid_race=Black;gender=P,kfr_q3_cond_par_q1,0.1577,0.9999,0.157715771577,divide by raw parent-row sum (rounding correction only)
Black,P,1,4,data/raw/oi_table_2.csv,kid_race=Black;gender=P,kfr_q4_cond_par_q1,0.0634,0.9999,0.063406340634,divide by raw parent-row sum (rounding correction only)
Black,P,1,5,data/raw/oi_table_2.csv,kid_race=Black;gender=P,kfr_q5_cond_par_q1,0.0253,0.9999,0.025302530253,divide by raw parent-row sum (rounding correction only)
Black,P,2,1,data/raw/oi_table_2.csv,kid_race=Black;gender=P,kfr_q1_cond_par_q2,0.3008,1.0000,0.300800000000,divide by raw parent-row sum (rounding correction only)
Black,P,2,2,data/raw/oi_table_2.csv,kid_race=Black;gender=P,kfr_q2_cond_par_q2,0.3592,1.0000,0.359200000000,divide by raw parent-row sum (rounding correction only)
Black,P,2,3,data/raw/oi_table_2.csv,kid_race=Black;gender=P,kfr_q3_cond_par_q2,0.2039,1.0000,0.203900000000,divide by raw parent-row sum (rounding correction only)
Black,P,2,4,data/raw/oi_table_2.csv,kid_race=Black;gender=P,kfr_q4_cond_par_q2,0.0934,1.0000,0.093400000000,divide by raw parent-row sum (rounding correction only)
Black,P,2,5,data/raw/oi_table_2.csv,kid_race=Black;gender=P,kfr_q5_cond_par_q2,0.0427,1.0000,0.042700000000,divide by raw parent-row sum (rounding correction only)
Black,P,3,1,data/raw/oi_table_2.csv,kid_race=Black;gender=P,kfr_q1_cond_par_q3,0.2532,0.9999,0.253225322532,divide by raw parent-row sum (rounding correction only)
Black,P,3,2,data/raw/oi_table_2.csv,kid_race=Black;gender=P,kfr_q2_cond_par_q3,0.3158,0.9999,0.315831583158,divide by raw parent-row sum (rounding correction only)
Black,P,3,3,data/raw/oi_table_2.csv,kid_race=Black;gender=P,kfr_q3_cond_par_q3,0.2333,0.9999,0.233323332333,divide by raw parent-row sum (rounding correction only)
Black,P,3,4,data/raw/oi_table_2.csv,kid_race=Black;gender=P,kfr_q4_cond_par_q3,0.1288,0.9999,0.128812881288,divide by raw parent-row sum (rounding correction only)
Black,P,3,5,data/raw/oi_table_2.csv,kid_race=Black;gender=P,kfr_q5_cond_par_q3,0.0688,0.9999,0.068806880688,divide by raw parent-row sum (rounding correction only)
Black,P,4,1,data/raw/oi_table_2.csv,kid_race=Black;gender=P,kfr_q1_cond_par_q4,0.2104,1.0000,0.210400000000,divide by raw parent-row sum (rounding correction only)
Black,P,4,2,data/raw/oi_table_2.csv,kid_race=Black;gender=P,kfr_q2_cond_par_q4,0.2779,1.0000,0.277900000000,divide by raw parent-row sum (rounding correction only)
Black,P,4,3,data/raw/oi_table_2.csv,kid_race=Black;gender=P,kfr_q3_cond_par_q4,0.2471,1.0000,0.247100000000,divide by raw parent-row sum (rounding correction only)
Black,P,4,4,data/raw/oi_table_2.csv,kid_race=Black;gender=P,kfr_q4_cond_par_q4,0.1622,1.0000,0.162200000000,divide by raw parent-row sum (rounding correction only)
Black,P,4,5,data/raw/oi_table_2.csv,kid_race=Black;gender=P,kfr_q5_cond_par_q4,0.1024,1.0000,0.102400000000,divide by raw parent-row sum (rounding correction only)
Black,P,5,1,data/raw/oi_table_2.csv,kid_race=Black;gender=P,kfr_q1_cond_par_q5,0.1671,1.0001,0.167083291671,divide by raw parent-row sum (rounding correction only)
Black,P,5,2,data/raw/oi_table_2.csv,kid_race=Black;gender=P,kfr_q2_cond_par_q5,0.2142,1.0001,0.214178582142,divide by raw parent-row sum (rounding correction only)
Black,P,5,3,data/raw/oi_table_2.csv,kid_race=Black;gender=P,kfr_q3_cond_par_q5,0.2385,1.0001,0.238476152385,divide by raw parent-row sum (rounding correction only)
Black,P,5,4,data/raw/oi_table_2.csv,kid_race=Black;gender=P,kfr_q4_cond_par_q5,0.2006,1.0001,0.200579942006,divide by raw parent-row sum (rounding correction only)
Black,P,5,5,data/raw/oi_table_2.csv,kid_race=Black;gender=P,kfr_q5_cond_par_q5,0.1797,1.0001,0.179682031797,divide by raw parent-row sum (rounding correction only)
White,P,1,1,data/raw/oi_table_2.csv,kid_race=White;gender=P,kfr_q1_cond_par_q1,0.2905,1.0001,0.290470952905,divide by raw parent-row sum (rounding correction only)
White,P,1,2,data/raw/oi_table_2.csv,kid_race=White;gender=P,kfr_q2_cond_par_q1,0.2466,1.0001,0.246575342466,divide by raw parent-row sum (rounding correction only)
White,P,1,3,data/raw/oi_table_2.csv,kid_race=White;gender=P,kfr_q3_cond_par_q1,0.1961,1.0001,0.196080391961,divide by raw parent-row sum (rounding correction only)
White,P,1,4,data/raw/oi_table_2.csv,kid_race=White;gender=P,kfr_q4_cond_par_q1,0.1610,1.0001,0.160983901610,divide by raw parent-row sum (rounding correction only)
White,P,1,5,data/raw/oi_table_2.csv,kid_race=White;gender=P,kfr_q5_cond_par_q1,0.1059,1.0001,0.105889411059,divide by raw parent-row sum (rounding correction only)
White,P,2,1,data/raw/oi_table_2.csv,kid_race=White;gender=P,kfr_q1_cond_par_q2,0.2088,1.0001,0.208779122088,divide by raw parent-row sum (rounding correction only)
White,P,2,2,data/raw/oi_table_2.csv,kid_race=White;gender=P,kfr_q2_cond_par_q2,0.2178,1.0001,0.217778222178,divide by raw parent-row sum (rounding correction only)
White,P,2,3,data/raw/oi_table_2.csv,kid_race=White;gender=P,kfr_q3_cond_par_q2,0.2197,1.0001,0.219678032197,divide by raw parent-row sum (rounding correction only)
White,P,2,4,data/raw/oi_table_2.csv,kid_race=White;gender=P,kfr_q4_cond_par_q2,0.2067,1.0001,0.206679332067,divide by raw parent-row sum (rounding correction only)
White,P,2,5,data/raw/oi_table_2.csv,kid_race=White;gender=P,kfr_q5_cond_par_q2,0.1471,1.0001,0.147085291471,divide by raw parent-row sum (rounding correction only)
White,P,3,1,data/raw/oi_table_2.csv,kid_race=White;gender=P,kfr_q1_cond_par_q3,0.1547,1.0001,0.154684531547,divide by raw parent-row sum (rounding correction only)
White,P,3,2,data/raw/oi_table_2.csv,kid_race=White;gender=P,kfr_q2_cond_par_q3,0.1821,1.0001,0.182081791821,divide by raw parent-row sum (rounding correction only)
White,P,3,3,data/raw/oi_table_2.csv,kid_race=White;gender=P,kfr_q3_cond_par_q3,0.2241,1.0001,0.224077592241,divide by raw parent-row sum (rounding correction only)
White,P,3,4,data/raw/oi_table_2.csv,kid_race=White;gender=P,kfr_q4_cond_par_q3,0.2445,1.0001,0.244475552445,divide by raw parent-row sum (rounding correction only)
White,P,3,5,data/raw/oi_table_2.csv,kid_race=White;gender=P,kfr_q5_cond_par_q3,0.1947,1.0001,0.194680531947,divide by raw parent-row sum (rounding correction only)
White,P,4,1,data/raw/oi_table_2.csv,kid_race=White;gender=P,kfr_q1_cond_par_q4,0.1139,1.0000,0.113900000000,divide by raw parent-row sum (rounding correction only)
White,P,4,2,data/raw/oi_table_2.csv,kid_race=White;gender=P,kfr_q2_cond_par_q4,0.1427,1.0000,0.142700000000,divide by raw parent-row sum (rounding correction only)
White,P,4,3,data/raw/oi_table_2.csv,kid_race=White;gender=P,kfr_q3_cond_par_q4,0.2083,1.0000,0.208300000000,divide by raw parent-row sum (rounding correction only)
White,P,4,4,data/raw/oi_table_2.csv,kid_race=White;gender=P,kfr_q4_cond_par_q4,0.2684,1.0000,0.268400000000,divide by raw parent-row sum (rounding correction only)
White,P,4,5,data/raw/oi_table_2.csv,kid_race=White;gender=P,kfr_q5_cond_par_q4,0.2667,1.0000,0.266700000000,divide by raw parent-row sum (rounding correction only)
White,P,5,1,data/raw/oi_table_2.csv,kid_race=White;gender=P,kfr_q1_cond_par_q5,0.0865,0.9999,0.086508650865,divide by raw parent-row sum (rounding correction only)
White,P,5,2,data/raw/oi_table_2.csv,kid_race=White;gender=P,kfr_q2_cond_par_q5,0.0981,0.9999,0.098109810981,divide by raw parent-row sum (rounding correction only)
White,P,5,3,data/raw/oi_table_2.csv,kid_race=White;gender=P,kfr_q3_cond_par_q5,0.1604,0.9999,0.160416041604,divide by raw parent-row sum (rounding correction only)
White,P,5,4,data/raw/oi_table_2.csv,kid_race=White;gender=P,kfr_q4_cond_par_q5,0.2438,0.9999,0.243824382438,divide by raw parent-row sum (rounding correction only)
White,P,5,5,data/raw/oi_table_2.csv,kid_race=White;gender=P,kfr_q5_cond_par_q5,0.4111,0.9999,0.411141114111,divide by raw parent-row sum (rounding correction only)
